01097	Dresden	Rudolf-Leonhard_a	13.7522858	51.0775777	rdlf-lnhrd
01097	Dresden	Rudolf_a	13.740888475115652	51.071602156039674	rdlf
01097	Dresden	Rähnitz_b	13.7422355	51.0608758	rhntz
01097	Dresden	Sarrasani_a	13.7455132	51.0593535	srrsn
01097	Dresden	Schanzen_a	13.7497877	51.0774959	schnzn
01097	Dresden	Scheunenhof_a	13.747414560638896	51.06955350379623	schnnhf
01097	Dresden	Schlesischer Platz	13.742606221494375	51.06607150911926	schlsschr pltz
01097	Dresden	Schwepnitzer_a	13.7483731	51.0698045	schwpntzr
01097	Dresden	Schönbrunn_a	13.7492341	51.0713337	schnbrnn
01097	Dresden	Seiten_a	13.749480006294856	51.0763687344456	stn
01097	Dresden	Stauffenberg_c	13.7526293	51.0773556	stffnbrg
01097	Dresden	Stetzscher_a	13.745815884382315	51.066408499999994	sttzschr
01097	Dresden	Tannen_a	13.752439749999999	51.07512063582595	tnnn
01097	Dresden	Theresien_a	13.7448631	51.0636607	thrsn
01097	Dresden	Turner_d	13.745794223702642	51.0658277	trnr
01097	Dresden	Ufer_a	13.734777993656808	51.06509366614408	fr
01097	Dresden	Unterer Kreuz_d	13.7503525	51.0606437	ntrr krz
01097	Dresden	Wallgäßchen	13.7411015	51.0618431	wllgßchn
01097	Dresden	Wiesentor_a	13.741674065566547	51.05696778784718	wsntr
01097	Dresden	Wigard_a	13.751737762712752	51.05879960876017	wgrd
01097	Dresden	Wilhelm-Buck_a	13.749542300614154	51.0590616	wlhlm-bck
01099	Dresden	Alaunplatz	13.7606856	51.0726168	lnpltz
01099	Dresden	Alaun_a	13.755	51.0700543	ln
01099	Dresden	Am Brauhaus	13.7800045	51.0686897	m brhs
01099	Dresden	Am Jägerpark	13.7914456	51.0756217	m jgrprk
01099	Dresden	Am Kohlenplatz	13.7682733	51.0900494	m khlnpltz
01099	Dresden	Am Lagerplatz	13.769173696762763	51.0838077	m lgrpltz
01099	Dresden	Am Waldschlößchen	13.7792388	51.0692661	m wldschlßchn
01099	Dresden	Am alten Flughafen	13.761034	51.0887389	m ltn flghfn
01099	Dresden	An der Eisenbahn	13.769331748689256	51.09287439921054	n dr snbhn
01099	Dresden	An der Prießnitz	13.760937770079122	51.07224372122244	n dr prßntz
01099	Dresden	An der Schleife	13.7708782	51.0932821	n dr schlf
01099	Dresden	Angelika_a	13.7843274	51.06917670810405	nglk
01099	Dresden	Arndt_a	13.7755189	51.06861957232852	rndt
01099	Dresden	Arno-Holz_c	13.7678741	51.0722259	rn-hlz
01099	Dresden	Auf dem Meisenberg	13.7814947	51.0692084	f dm msnbrg
01099	Dresden	Bach_a	13.763309339071196	51.0696041	bch
01099	Dresden	Baum_a	13.7645934	51.0693774	bm
01099	Dresden	Bautzner_a	13.8017041	51.06778240068427	btznr
01099	Dresden	Bettina_a	13.783102381666636	51.0687183	bttn
01099	Dresden	Bischofs_d	13.7641643	51.07110393099622	bschfs
01099	Dresden	Bischofswerder_a	13.7631823	51.0731904	bschfswrdr
01099	Dresden	Brockhaus_a	13.7899011	51.0659399	brckhs
01099	Dresden	Böhmert_a	13.7859025	51.0690172	bhmrt
01099	Dresden	Böhmische_a	13.755395823534132	51.06565185630147	bhmsch
01099	Dresden	Carusufer	13.758757599023928	51.06100585741659	crsfr
01099	Dresden	Charlotte-Bühler_a	13.7642422	51.0819608	chrltt-bhlr
01099	Dresden	Charlotten_a	13.783815927604147	51.0703027	chrlttn
01099	Dresden	Clemens-Müller_a	13.7701525	51.0842086	clmns-mllr
01099	Dresden	Diakonissen_d	13.763107090697723	51.06381973618386	dknssn
01099	Dresden	Elisabeth-Boer_a	13.7606364	51.0845659	lsbth-br
01099	Dresden	Else-Sander_a	13.7652926	51.0830157	ls-sndr
01099	Dresden	Fabrice_a	13.755446539179173	51.0834915	fbrc
01099	Dresden	Fischhaus_a	13.7948771	51.073884	fschhs
01099	Dresden	Forst_a	13.766343552443576	51.069827	frst
01099	Dresden	Frühling_a	13.76142	51.0700732	frhlng
01099	Dresden	Försterei_a	13.7529252	51.0715695	frstr
01099	Dresden	Glacis_a	13.7525071	51.06279901437508	glcs
01099	Dresden	Görlitzer_a	13.7564905	51.06956465821576	grltzr
01099	Dresden	Hans-Oster_a	13.757377919171018	51.0747177	hns-str
01099	Dresden	Hartmut-Dost_a	13.754467538268234	51.08097050000001	hrtmt-dst
01099	Dresden	Heideblick	13.787113915566623	51.071000484429824	hdblck
01099	Dresden	Heidepark_a	13.787368317333051	51.070841406023554	hdprk
01099	Dresden	Hellerschanze	13.7510907	51.0807266	hllrschnz
01099	Dresden	Hellersiedlung Weg E	13.7611818	51.089115850000006	hllrsdlng wg 
01099	Dresden	Hermann-Mende_a	13.7675225	51.088414497895585	hrmnn-mnd
01099	Dresden	Hohnsteiner_a	13.763396	51.0674188	hhnstnr
01099	Dresden	Holunder_d	13.7685609	51.071332913800696	hlndr
01099	Dresden	Holzhof_b	13.761507371738332	51.06303003135073	hlzhf
01099	Dresden	Hopfen_d	13.7805219	51.0692931	hpfn
01099	Dresden	Hoyerswerdaer_a	13.753069685126944	51.0627715	hyrswrdr
01099	Dresden	Jordan_a	13.7525891	51.068992824163	jrdn
01099	Dresden	Judeich_a	13.7852855	51.06822841980981	jdch
01099	Dresden	Julie-Salinger_d	13.754657869112357	51.06442634667356	jl-slngr
01099	Dresden	Jägerpark	13.7815838	51.0729647718028	jgrprk
01099	Dresden	Jäger_a	13.772040396326682	51.07118175279978	jgr
01099	Dresden	Kamenzer_a	13.7606132	51.0707523	kmnzr
01099	Dresden	Kannenhenkel_d	13.777685662004297	51.08074554512977	knnnhnkl
01099	Dresden	Katharinen_a	13.7507046	51.0668131	kthrnn
01099	Dresden	Klara_a	13.782746381946719	51.0690484	klr
01099	Dresden	Königsbrücker_a	13.776696196043282	51.101903012463254	kngsbrckr
01099	Dresden	Lessing_a	13.7573909	51.0623718	lssng
01099	Dresden	Louis-Braille_a	13.774312350000002	51.0688318	ls-brll
01099	Dresden	Louisen_a	13.759033998543243	51.0681434	lsn
01099	Dresden	Löbauer_a	13.7689063	51.069512764226346	lbr
01099	Dresden	Löwen_a	13.759933129402324	51.0632265	lwn
01099	Dresden	Magazin_a	13.7665231	51.0952986	mgzn
01099	Dresden	Manfred-von-Ardenne-Ring	13.771233934496136	51.097674213455015	mnfrd-vn-rdnn-rng
01099	Dresden	Marien_c	13.771693499522794	51.07812709189629	mrn
01099	Dresden	Martin-Luther-Platz	13.757567444330473	51.064716852470056	mrtn-lthr-pltz
01099	Dresden	Martin-Luther_a	13.757197	51.0655828	mrtn-lthr
01099	Dresden	Mathias-Oeder_a	13.790731985005555	51.0723038	mths-dr
01099	Dresden	Melanchthon_a	13.7560158	51.0617303	mlnchthn
01099	Dresden	Melitta-Bentz_a	13.7657646	51.0862642	mltt-bntz
01099	Dresden	Meschwitz_a	13.7706314	51.08630976222287	mschwtz
01099	Dresden	Nord_a	13.7695667	51.07042597451794	nrd
01099	Dresden	Oberkies_d	13.772745320114344	51.066511106479744	brks
01099	Dresden	Olbrichtplatz	13.76011789462645	51.07852271982	lbrchtpltz
01099	Dresden	Paul_a	13.7533799	51.0722709	pl
01099	Dresden	Prießnitzaue	13.762822985873937	51.06561352900772	prßntz
01069	Dresden	Reichenbach_a	13.7413071	51.0343799	rchnbch
01069	Dresden	Reitbahn_a	13.733248	51.0457281	rtbhn
01069	Dresden	Renk_a	13.735324949999997	51.03128775	rnk
01069	Dresden	Rietschel_a	13.7541891	51.0541648	rtschl
01069	Dresden	Rohlfs_a	13.7406732	51.0322369	rhlfs
01069	Dresden	Roßbach_a	13.754809	51.05386316079827	rßbch
01069	Dresden	Ruge_a	13.728596422568105	51.03468970560951	rg
01069	Dresden	Räcknitz_a	13.7401341	51.0442864	rckntz
01069	Dresden	Schnorr_a	13.7451447	51.0360207	schnrr
01069	Dresden	Schulgut_a	13.75418857616349	51.054626	schlgt
01069	Dresden	Schweizer_a	13.7279012	51.0414965	schwzr
01069	Dresden	Seidnitzer_a	13.7536201	51.04909007008572	sdntzr
01069	Dresden	Semper_a	13.7467836	51.0342396	smpr
01069	Dresden	Sidonien_a	13.736091349999999	51.0411992	sdnn
01069	Dresden	St. Petersburger_a	13.747686	51.0512972	st. ptrsbrgr
01069	Dresden	Stadtgut_a	13.735819990542213	51.02582257186123	stdtgt
01069	Dresden	Stein_a	13.7488422	51.0524638	stn
01069	Dresden	Strehlener_a	13.748379576074802	51.0388647	strhlnr
01069	Dresden	Struve_a	13.741507095813896	51.041926	strv
01069	Dresden	Terrassenufer	13.7547063	51.0551834	trrssnfr
01069	Dresden	Trompeter_a	13.7371331	51.0463039	trmptr
01069	Dresden	Uhland_a	13.740059729303782	51.0371966	hlnd
01069	Dresden	Vitzthum_a	13.7325107	51.045730303656974	vtzthm
01069	Dresden	Walpurgis_a	13.7412591	51.0435286	wlprgs
01069	Dresden	Weißbach_a	13.7296936	51.0270394	wßbch
01069	Dresden	Werdauer_a	13.7170644	51.0395038	wrdr
01069	Dresden	Wieland_a	13.726000678747466	51.04132802842289	wlnd
01069	Dresden	Wiener Platz	13.7350272	51.042505049188165	wnr pltz
01069	Dresden	Wiener_a	13.7486437	51.040775811884096	wnr
01069	Dresden	Winckelmann_a	13.730470314974186	51.0384375	wncklmnn
01069	Dresden	Zellescher_d	13.740748650281772	51.03012151625945	zllschr
01069	Dresden	Zeuner_a	13.7370252049706	51.0275002	znr
01069	Dresden	Ziegel_a	13.7551312	51.0534281	zgl
01069	Dresden	Zinzendorf_a	13.7457194	51.0455138	znzndrf
01069	Dresden	Zirkus_a	13.7497795	51.0503325	zrks
01069	Dresden	Zwickauer_a	13.721565279694198	51.04313699491408	zwckr
01097	Dresden	Ahorn_a	13.7530715	51.0752687	hrn
01097	Dresden	Albert_a	13.7465733	51.0619677	lbrt
01097	Dresden	Am Schwarzen Tor	13.746662	51.0613507	m schwrzn tr
01097	Dresden	An der Dreikönigskirche	13.743269	51.0613744	n dr drkngskrch
01097	Dresden	Anton_a	13.7464965	51.0647719	ntn
01097	Dresden	Archiv_a	13.7493374	51.0594472	rchv
01097	Dresden	Auen_a	13.736448072586066	51.07115083306994	n
01097	Dresden	Bischofsplatz	13.74810992533349	51.072426	bschfspltz
01097	Dresden	Bischofs_d	13.7522309	51.0721003	bschfs
01097	Dresden	Buchen_a	13.7525606	51.0786175	bchn
01097	Dresden	Bärnsdorfer_a	13.7425889	51.076441462754694	brnsdrfr
01097	Dresden	Carolaplatz	13.7456815	51.0567862	crlpltz
01097	Dresden	Carolinen_a	13.7450983	51.0641266	crlnn
01097	Dresden	Conrad_a	13.7445116	51.0732397	cnrd
01097	Dresden	Damm_d	13.751792277442858	51.074898828477984	dmm
01097	Dresden	Dr.-Friedrich-Wolf_a	13.7454831	51.0678785	dr.-frdrch-wlf
01097	Dresden	Eberswalder_a	13.7515773	51.07374215817297	brswldr
01097	Dresden	Eisenbahn_a	13.7379734	51.066913641618264	snbhn
01097	Dresden	Erich-Ponto_a	13.7487437	51.0594822	rch-pnt
01097	Dresden	Erlen_a	13.7485017	51.07398	rln
01097	Dresden	Erna-Berger_a	13.7447087	51.0660995	rn-brgr
01097	Dresden	Eschen_a	13.7487948	51.0705031201526	schn
01097	Dresden	Fichten_a	13.7489216	51.0753186	fchtn
01097	Dresden	Friedens_a	13.74232323159503	51.07414694694588	frdns
01097	Dresden	Fritz-Hoffmann_a	13.7413474	51.0692155	frtz-hffmnn
01097	Dresden	Fritz-Reuter_a	13.744751356373133	51.07564913922541	frtz-rtr
01097	Dresden	Georgen_a	13.7492542	51.06258733851139	grgn
01097	Dresden	Glacis_a	13.751754	51.0590883	glcs
01097	Dresden	Gothaer_a	13.734057186364794	51.0701935	gthr
01097	Dresden	Große Meißner_a	13.740680839913326	51.0598115	grß mßnr
01097	Dresden	Großenhainer Platz	13.736475652275125	51.07303509227202	grßnhnr pltz
01097	Dresden	Großenhainer_a	13.7385751	51.0751098	grßnhnr
01097	Dresden	Gutschmid_a	13.744795584458885	51.07408206572973	gtschmd
01097	Dresden	Hafen_a	13.734486706000391	51.06415949999999	hfn
01097	Dresden	Hain_a	13.740971908006204	51.064253750666936	hn
01097	Dresden	Hansa_a	13.7401154	51.084241493448864	hns
01097	Dresden	Haupt_a	13.7449995	51.0614905	hpt
01097	Dresden	Hecht_a	13.747794626665812	51.0804978	hcht
01097	Dresden	Hedwig_a	13.73571032595576	51.06378	hdwg
01097	Dresden	Heinrich_a	13.7419023	51.0603142	hnrch
01097	Dresden	Helgoland_a	13.74371634571588	51.07397077178061	hlglnd
01097	Dresden	Hospital_a	13.7504887	51.0619211	hsptl
01097	Dresden	Johann-Meyer_a	13.74614558453706	51.07809729307805	jhnn-myr
01097	Dresden	Kiefern_a	13.748974645118526	51.0778817	kfrn
01097	Dresden	Königsbrücker Platz	13.7503859	51.075434699999995	kngsbrckr pltz
01097	Dresden	König_a	13.7448101	51.0624379	kng
01097	Dresden	Königsufer	13.7484534	51.0567957	kngsfr
01097	Dresden	Köpcke_a	13.74385516937553	51.05777773969288	kpck
01097	Dresden	Leipziger_a	13.736174095514379	51.07008989149005	lpzgr
01097	Dresden	Ludwig_a	13.734916919755433	51.0639010579074	ldwg
01097	Dresden	Lärchen_a	13.753550284188892	51.0757737	lrchn
01097	Dresden	Lößnitz_a	13.746798294531017	51.07007763549364	lßntz
01097	Dresden	Marta-Fraenkel_a	13.743413654656901	51.070205687134454	mrt-frnkl
01097	Dresden	Metzer_a	13.745206	51.0603214	mtzr
01097	Dresden	Neustädter Markt	13.7431644	51.0590767	nstdtr mrkt
01097	Dresden	Nieritz_a	13.7418492	51.0625307	nrtz
01097	Dresden	Oberer Kreuz_d	13.7496647	51.0616013	brr krz
01097	Dresden	Obergraben	13.7422438	51.0604782	brgrbn
01097	Dresden	Otto_a	13.7412419	51.0707068	tt
01097	Dresden	Palaisplatz	13.739663	51.0619002	plspltz
01097	Dresden	Paul-Schwarze_a	13.7473411	51.0607563	pl-schwrz
01097	Dresden	Petrikirch_a	13.737646342675967	51.07270785836948	ptrkrch
01097	Dresden	Ritter_a	13.7452022	51.0598981	rttr
01097	Dresden	Robert-Blum_a	13.7379247	51.0628035	rbrt-blm
01099	Dresden	Prießnitz_a	13.7624645	51.0705837	prßntz
01099	Dresden	Provianthof_a	13.7599856	51.0824766	prvnthf
01099	Dresden	Pulsnitzer_a	13.758730626418414	51.0651326	plsntzr
01099	Dresden	Radeberger Land_a	13.8423035	51.09466258380047	rdbrgr lnd
01099	Dresden	Radeberger_a	13.7862871	51.0722052	rdbrgr
01099	Dresden	Rosa-Luxemburg-Platz	13.7526279	51.0589697	rs-lxmbrg-pltz
01099	Dresden	Rothenburger Str.	13.7523618	51.0641659	rthnbrgr str.
01099	Dresden	Rothenburger_a	13.75404316751813	51.0663485	rthnbrgr
01099	Dresden	Schönfelder_a	13.759816085970192	51.0669167	schnfldr
01099	Dresden	Schützenhöhe	13.7521466	51.0827579	schtznhh
01099	Dresden	Sebnitzer_a	13.760522	51.06931650228619	sbntzr
01099	Dresden	Seifhennersdorfer_a	13.7567853	51.0680898	sfhnnrsdrfr
01099	Dresden	Stauffenberg_c	13.773972432367401	51.0885554	stffnbrg
01099	Dresden	Stiehler_a	13.8722960710524	51.122155771019244	sthlr
01099	Dresden	Stolpener_a	13.765643332453866	51.06693791737425	stlpnr
01099	Dresden	Sudhaus_d	13.7782825	51.0696122	sdhs
01099	Dresden	Tal_a	13.758830311115776	51.06636883103226	tl
01099	Dresden	Tannen_a	13.760209161244926	51.0736812	tnnn
01099	Dresden	Tieck_a	13.7552359	51.0625403	tck
01099	Dresden	Timaeus_a	13.7534634	51.0696959	tms
01099	Dresden	Toni-Sender_a	13.752758	51.0833312	tn-sndr
01099	Dresden	Ullersdorf-Langebrücker_a	13.86179653263219	51.10739524866883	llrsdrf-lngbrckr
01099	Dresden	Waldschlößchen_a	13.7768851	51.0697314	wldschlßchn
01099	Dresden	Weintrauben_a	13.755881259994831	51.0626431	wntrbn
01099	Dresden	Werner-Hartmann_a	13.764459720816113	51.0860282	wrnr-hrtmnn
01099	Dresden	Wilhelminen_a	13.7896539	51.06831072730183	wlhlmnn
01099	Dresden	Wolfs_b	13.75971778200721	51.06325043181779	wlfs
01099	Dresden	Zittauer_a	13.7701598	51.06899241789795	zttr
01099	Dresden	Zum Reiterberg	13.7521144	51.08339008968421	zm rtrbrg
01108	Dresden	Alte Dresdner_a	13.802562334206389	51.15012456724688	lt drsdnr
01108	Dresden	Alte Moritzburger_a	13.801009445804038	51.15262054676943	lt mrtzbrgr
01108	Dresden	Altfriedersdorf	13.8105533	51.15094024037962	ltfrdrsdrf
01108	Dresden	Altgomlitz	13.7978214	51.149918299999996	ltgmltz
01108	Dresden	Altweixdorf	13.800295	51.14950355	ltwxdrf
01108	Dresden	Am Acker	13.7953459	51.1402321	m ckr
01108	Dresden	Am Erlicht	13.772804310502517	51.1617156673866	m rlcht
01108	Dresden	Am Finkenschlag	13.792431466446505	51.1351519164979	m fnknschlg
01108	Dresden	Am Hornsberg	13.78020164029662	51.16229242386489	m hrnsbrg
01108	Dresden	Am Promigberg	13.80145795560704	51.16370580256097	m prmgbrg
01108	Dresden	Am Seifzerbach	13.793213303045949	51.136225355981225	m sfzrbch
01108	Dresden	Am Zollhaus	13.80339022967454	51.14810361508223	m zllhs
01108	Dresden	An den Birken	13.79430290240407	51.13605468717651	n dn brkn
01108	Dresden	An den Kiefern	13.79624575	51.13707646721307	n dn kfrn
01108	Dresden	An den Teichen	13.80818131331586	51.15082842459203	n dn tchn
01108	Dresden	An der Heide	13.800519511811315	51.13765031534721	n dr hd
01108	Dresden	An der Hufe	13.794199414336406	51.13498794565907	n dr hf
01108	Dresden	Auen_d	13.797413313353228	51.14878902817117	n
01108	Dresden	August-Wagner_a	13.7989148	51.143927805789744	gst-wgnr
01108	Dresden	Bad_a	13.804628150000001	51.1431791	bd
01108	Dresden	Berggut	13.811221822232689	51.15085942776328	brggt
01108	Dresden	Bergsiedlung	13.821304249999999	51.15105271461896	brgsdlng
01108	Dresden	Brühler_a	13.800273	51.14005639737461	brhlr
01108	Dresden	Eigenheim_d	13.789386878078755	51.1333484	gnhm
01108	Dresden	Erich-Ockert_d	13.7934348	51.139852550271485	rch-ckrt
01108	Dresden	Ewald-Kluge_a	13.797056720171728	51.1404582	wld-klg
01108	Dresden	Felsen_d	13.795205103881491	51.1357407384621	flsn
01108	Dresden	Franz-Rädlein_d	13.817990298978986	51.14772834990966	frnz-rdln
01108	Dresden	Fuchsberg_a	13.79707635913344	51.13552996365186	fchsbrg
01108	Dresden	Gimpel_d	13.803040171757267	51.14680107587702	gmpl
01108	Dresden	Girlitz_d	13.803259524793496	51.14964825	grltz
01108	Dresden	Gomlitzer Höhe	13.789260400000002	51.15225779244411	gmltzr hh
01108	Dresden	Gomlitzer Quer_d	13.79208206804201	51.15302261995944	gmltzr qr
01108	Dresden	Großteichdamm	13.80908162280661	51.142887374758836	grßtchdmm
01108	Dresden	Grünberger_a	13.812716086409951	51.154277449999995	grnbrgr
01108	Dresden	Haken_d	13.8022972	51.135809	hkn
01108	Dresden	Hans-Schäfer_d	13.820347600000002	51.147491599999995	hns-schfr
01108	Dresden	Hermann-Tögel_d	13.815720351330693	51.149123901352105	hrmnn-tgl
01108	Dresden	Hermsdorfer_c	13.81025815	51.154944099999994	hrmsdrfr
01108	Dresden	Hohenbusch-Markt	13.7965	51.1415039	hhnbsch-mrkt
01108	Dresden	Holzgrund	13.7947424	51.13458402162537	hlzgrnd
01108	Dresden	Kleiber_d	13.80402041603281	51.14661972565481	klbr
01108	Dresden	Kleine Feld_b	13.810782925256193	51.14553355980483	kln fld
01108	Dresden	Kleiner_d	13.800069477530506	51.140268948905124	klnr
01108	Dresden	Königsbrücker Land_a	13.8099378	51.15925015000001	kngsbrckr lnd
01108	Dresden	Kügelgen_d	13.808184904456967	51.15652835	kglgn
01108	Dresden	Lausaer Höhe	13.81387213341996	51.155318924478216	lsr hh
01108	Dresden	Lausaer Kirch_b	13.808002116791782	51.152383900401	lsr krch
01108	Dresden	Lehngut_a	13.797185331102828	51.14341430419861	lhngt
01108	Dresden	Liguster_d	13.7921513	51.13635714270523	lgstr
01108	Dresden	Louis-Köhler_d	13.7955245	51.1389133	ls-khlr
01108	Dresden	Marsdorfer Haupt_a	13.77343765	51.16437715382933	mrsdrfr hpt
01108	Dresden	Medinger_a	13.76693	51.1643295	mdngr
01108	Dresden	Mittelteich_d	13.808870639469223	51.146335143701755	mttltch
01108	Dresden	Nixen_d	13.7947465282173	51.13436564945044	nxn
01108	Dresden	Pastor-Roller_a	13.806331851519424	51.1530623	pstr-rllr
01108	Dresden	Paul-Wicke_a	13.798307086088256	51.14325127869195	pl-wck
01108	Dresden	Plan_a	13.802095549999999	51.14291065	pln
01108	Dresden	Platz des Friedens	13.801246986265827	51.13991020332564	pltz ds frdns
01108	Dresden	Privat_a	13.79943343715481	51.14771245995309	prvt
01108	Dresden	Radeberger_d	13.815492527506466	51.152905249999996	rdbrgr
01108	Dresden	Radeburger Land_a	13.795696787035883	51.165105823920214	rdbrgr lnd
01108	Dresden	Rathenau_a	13.805947733742212	51.14395856931202	rthn
01108	Dresden	Rotkehlchen_d	13.796722477266057	51.14472445	rtkhlchn
01108	Dresden	Rähnitzer Mühl_d	13.799133500000003	51.14756695	rhntzr mhl
01108	Dresden	Schelsberg	13.792056233810051	51.14644130596105	schlsbrg
01108	Dresden	Schels_a	13.79916377306042	51.14680314481269	schls
01108	Dresden	Schönburg_a	13.806280949999998	51.1505427	schnbrg
01108	Dresden	Seifzerteich_a	13.787493456819657	51.13440480000001	sfzrtch
01108	Dresden	Stieglitz_d	13.8040722	51.1463452	stgltz
01108	Dresden	Weixdorfer Rathausplatz	13.800975565155566	51.14546247280339	wxdrfr rthspltz
01108	Dresden	Zaunkönig_d	13.79644821632428	51.14413331927263	znkng
01108	Dresden	Zeiss-Abbe_a	13.792189064027118	51.15108192938534	zss-bb
01108	Dresden	Zum Bahnhof	13.800743183715031	51.141869556057756	zm bhnhf
01108	Dresden	Zum Birkhübel	13.7701466	51.16402688082277	zm brkhbl
01108	Dresden	Zum Lindeberg	13.769415385561139	51.16440709414759	zm lndbrg
01108	Dresden	Zum Mühl_d	13.7958706	51.14264854349841	zm mhl
01108	Dresden	Zum Spitzeberg	13.764196333496825	51.165446849999995	zm sptzbrg
01108	Dresden	Zum Sportplatz	13.805729180684695	51.141762840806074	zm sprtpltz
01108	Dresden	Zum Steinbruch	13.773056133739475	51.162863683256326	zm stnbrch
01108	Dresden	Zur Alten Ziegelei	13.793440822271526	51.165888992424875	zr ltn zgl
01109	Dresden	Ahlbecker_a	13.7694766	51.1186887	hlbckr
01109	Dresden	Alexander-Herzen_a	13.7895318	51.123410895927385	lxndr-hrzn
01109	Dresden	Alter Jagd_d	13.774692820662555	51.12646214626665	ltr jgd
01109	Dresden	Altklotzsche	13.7650214	51.1177061	ltkltzsch
01109	Dresden	Altwilschdorf	13.7264684	51.12524906405597	ltwlschdrf
01109	Dresden	Altwilschdorfer_d	13.7229324	51.1395697	ltwlschdrfr
01109	Dresden	Am Biedersberg	13.748620949999998	51.113956586303765	m bdrsbrg
01109	Dresden	Am Buscherberg	13.721465633138251	51.110047449999996	m bschrbrg
01109	Dresden	Am Dorffrieden	13.7641072	51.1127949	m drffrdn
01109	Dresden	Am Feldgehölz	13.77854427851417	51.12346812660004	m fldghlz
01109	Dresden	Am Festspielhaus	13.75161838513382	51.11391010075901	m fstsplhs
01109	Dresden	Am Flössertgraben	13.775570426408523	51.12396566307654	m flssrtgrbn
01109	Dresden	Am Forsthaus	13.782026999999998	51.11235899918079	m frsths
01109	Dresden	Am Friedhof	13.772714722695362	51.119566500000005	m frdhf
01109	Dresden	Am Grünen Grund	13.769263510214044	51.10991971436555	m grnn grnd
01109	Dresden	Am Grünen Zipfel	13.762230039276231	51.10885029851479	m grnn zpfl
01109	Dresden	Am Hellerrand	13.765346791898427	51.1129118	m hllrrnd
01109	Dresden	Am Kronenhügel	13.738745502110666	51.115173400665384	m krnnhgl
01109	Dresden	Am Olter	13.733823149999997	51.110373397524626	m ltr
01109	Dresden	Am Pfarrlehn	13.7623497	51.1138722	m pfrrlhn
01109	Dresden	Am Pilz	13.752118599999998	51.10997555000001	m plz
01109	Dresden	Am Rasen	13.776136080139892	51.11676284999999	m rsn
01109	Dresden	Am Schulfeld	13.7617317	51.1142082	m schlfld
01109	Dresden	Am Schulholz	13.7760089	51.1214836	m schlhlz
01109	Dresden	Am Schänkenberg	13.7620529	51.11135147844974	m schnknbrg
01109	Dresden	Am Schützenfelde	13.763633	51.1134448	m schtznfld
01109	Dresden	Am Seehügel	13.744123329465474	51.11459345506848	m shgl
01109	Dresden	Am Sonnenhang	13.7602297	51.10973815	m snnnhng
01109	Dresden	Am Sportplatz	13.728683871963755	51.113116973154355	m sprtpltz
01109	Dresden	Am Steinacker	13.77015278301088	51.12362235192184	m stnckr
01109	Dresden	Am Steinborn	13.764009611509723	51.115563558548914	m stnbrn
01109	Dresden	Am Talkenberg	13.759173614938195	51.110811280268905	m tlknbrg
01109	Dresden	Am Torfmoor	13.743469851942145	51.11664486601507	m trfmr
01109	Dresden	Am Trobischberg	13.779773	51.1221349	m trbschbrg
01109	Dresden	Am Waldblick	13.78440461959613	51.11373073138872	m wldblck
01109	Dresden	Am Wasserturm	13.747228788684623	51.1146854	m wssrtrm
01109	Dresden	Am Wasserwerk	13.795350950000003	51.12376404369707	m wssrwrk
01109	Dresden	Am Weinberg	13.726519721959512	51.11175534999999	m wnbrg
01109	Dresden	Am Winkel	13.720026863667584	51.12128580978854	m wnkl
01109	Dresden	Amsel_d	13.727595521300254	51.1162275	msl
01109	Dresden	An den Bruchwiesen	13.774015664901976	51.12279770449393	n dn brchwsn
01109	Dresden	An den Ellerwiesen	13.734459810812693	51.124071229598336	n dn llrwsn
01109	Dresden	An den Ruschewiesen	13.772789508858011	51.112016443661524	n dn rschwsn
01109	Dresden	An den Teichwiesen	13.74802493040399	51.112443220570825	n dn tchwsn
01109	Dresden	An der Bartlake	13.7351802	51.1265036	n dr brtlk
01109	Dresden	An der Höhe	13.758061055560944	51.11160895235854	n dr hh
01109	Dresden	An der Jungen Heide	13.713934365348614	51.11557204683073	n dr jngn hd
01109	Dresden	An der Lehmkuhle	13.7573161	51.11441129999999	n dr lhmkhl
01109	Dresden	An der Nordsiedlung	13.7760799	51.127615	n dr nrdsdlng
01109	Dresden	An der Südlehne	13.7368738	51.11205762005461	n dr sdlhn
01109	Dresden	An der Winkelwiese	13.7646134	51.1120707	n dr wnklws
01109	Dresden	Arkona_a	13.790237002514582	51.12258115590232	rkn
01109	Dresden	Auf dem Sand	13.754413513288581	51.110689718457536	f dm snd
01109	Dresden	Augustus_d	13.739308084737116	51.10544490297353	gsts
01109	Dresden	Bahnhof Klotzsche	13.7879799	51.1144659	bhnhf kltzsch
01109	Dresden	Bansiner_a	13.769568499846557	51.12085409042981	bnsnr
01109	Dresden	Bauern_d	13.7412751	51.122014460998315	brn
01109	Dresden	Becker_a	13.735558730407744	51.117639564008705	bckr
01109	Dresden	Beim Gräbchen	13.7626283	51.1112196	bm grbchn
01109	Dresden	Berg_b	13.7166625	51.114114972495656	brg
01109	Dresden	Binzer_d	13.7909036	51.125158	bnzr
01109	Dresden	Birken_d	13.741620421488376	51.115392850000006	brkn
01109	Dresden	Blankensteiner_a	13.73485735	51.11982347336055	blnknstnr
01109	Dresden	Blumen_d	13.7584462	51.11342724589878	blmn
01109	Dresden	Boltenhagener Platz	13.781501886465849	51.1170458	bltnhgnr pltz
01109	Dresden	Boltenhagener_a	13.7867593	51.11960239578964	bltnhgnr
01109	Dresden	Brueghel_a	13.775556600751639	51.124994805920046	brghl
01109	Dresden	Brunnen_d	13.7463958	51.1151665	brnnn
01109	Dresden	Darwin_a	13.78760681708412	51.11857047401387	drwn
01109	Dresden	Dörnicht_d	13.78043068122681	51.12645215456971	drncht
01109	Dresden	Elster_d	13.727300193868603	51.11370926484556	lstr
01109	Dresden	Erlen_d	13.733172000922197	51.11302385020685	rln
01109	Dresden	Ernst-Wagner_a	13.707695250663809	51.11647061418703	rnst-wgnr
01109	Dresden	Feld_a	13.74098443133609	51.1199119	fld
01109	Dresden	Fichte_a	13.778542299999998	51.1185384	fcht
01109	Dresden	Finkensteig	13.760305099999997	51.115910850000006	fnknstg
01109	Dresden	Florian_a	13.780336705476774	51.11809519999815	flrn
01109	Dresden	Flughafen_a	13.7666331	51.1234583	flghfn
01109	Dresden	Flur_a	13.7771496	51.11202025285088	flr
01109	Dresden	Friedersdorfer_d	13.747671069005117	51.11238419778386	frdrsdrfr
01109	Dresden	Garten_d	13.724861925538264	51.11271955	grtn
01109	Dresden	Georg-Estler_a	13.787413543122206	51.114183545684035	grg-stlr
01109	Dresden	Gertrud-Caspari_a	13.781965900000001	51.115549368857145	grtrd-cspr
01109	Dresden	Geschwister-Scholl_a	13.7741507	51.127259949999996	gschwstr-schll
01109	Dresden	Goethe_a	13.7861853	51.1218146	gth
01109	Dresden	Granitzer_d	13.7792806	51.1254505	grntzr
01109	Dresden	Greifswalder_a	13.774698	51.1106731291166	grfswldr
01109	Dresden	Grenz_a	13.7905194	51.12994434117382	grnz
01109	Dresden	Großröhrsdorfer_a	13.728404846329022	51.11794945	grßrhrsdrfr
01109	Dresden	Gräbchen_d	13.7756597	51.1200579	grbchn
postal_code_	city_	street_	x_max	y_max	strt_
01067	Dresden	Adler_b	13.7222398	51.0564754	dlr
01067	Dresden	Alfred-Althus_a	13.7249532	51.0526415	lfrd-lths
01067	Dresden	Altmarkt	13.739154696225901	51.050564	ltmrkt
01067	Dresden	Am Bramschkontor	13.721012299999998	51.06216977206861	m brmschkntr
01067	Dresden	Am Queckbrunnen	13.7294586	51.0537303	m qckbrnnn
01067	Dresden	Am Schießhaus	13.729147	51.0551462	m schßhs
01067	Dresden	Am See	13.7325308	51.0498689	m s
01067	Dresden	Am Zwingerteich	13.731798358662601	51.05500645368633	m zwngrtch
01067	Dresden	Ammon_a	13.7227204	51.0489996	mmn
01067	Dresden	An der Frauenkirche	13.7426689	51.0533788	n dr frnkrch
01067	Dresden	An der Herzogin Garten	13.72957	51.0547887	n dr hrzgn grtn
01067	Dresden	An der Kreuzkirche	13.739193333057191	51.04880100599882	n dr krzkrch
01067	Dresden	An der Mauer	13.738387	51.0479314	n dr mr
01067	Dresden	Annen_a	13.7316723	51.0512754	nnn
01067	Dresden	Antonsplatz	13.733902	51.0484638	ntnspltz
01067	Dresden	Augustus_a	13.7399811	51.0522907	gsts
01067	Dresden	Behring_a	13.7181477	51.056253	bhrng
01067	Dresden	Berliner_a	13.7189413	51.05720964083605	brlnr
01067	Dresden	Bernhard-von-Lindenau-Platz	13.733724	51.05678869390611	brnhrd-vn-lndn-pltz
01067	Dresden	Bremer_a	13.71103897398739	51.06268095	brmr
01067	Dresden	Bräuer_b	13.7209085	51.05868661000605	brr
01067	Dresden	Brühlsche Terrasse	13.7424902	51.0531866	brhlsch trrss
01067	Dresden	Brühlscher Garten	13.7451854	51.0524493	brhlschr grtn
01067	Dresden	Budapester_a	13.732394625675072	51.04703963066351	bdpstr
01067	Dresden	Devrient_a	13.7329711	51.059368896855176	dvrnt
01067	Dresden	Dr.-Külz-Ring	13.740515323838007	51.04801873502323	dr.-klz-rng
01067	Dresden	Ehrlich_a	13.723709680716617	51.05206990100838	hrlch
01067	Dresden	Ermisch_a	13.728427	51.0523132	rmsch
01067	Dresden	Falken_a	13.7254532	51.0465937	flkn
01067	Dresden	Feigen_b	13.728367	51.0548212	fgn
01067	Dresden	Frauen_a	13.7400896	51.0508973	frn
01067	Dresden	Freiberger Platz	13.72660930700913	51.04986868018916	frbrgr pltz
01067	Dresden	Freiberger_a	13.7289656	51.0512545	frbrgr
01067	Dresden	Friedrich_a	13.7242596	51.0617664	frdrch
01067	Dresden	Friesen_b	13.742518	51.050352	frsn
01067	Dresden	Galerie_a	13.73923	51.0513604	glr
01067	Dresden	Georg-Treu-Platz	13.7436787	51.052768	grg-tr-pltz
01067	Dresden	Gewandhaus_a	13.742339	51.04915	gwndhs
01067	Dresden	Grüne_a	13.728758	51.0540074003664	grn
01067	Dresden	Güterbahnhof_a	13.723945786049761	51.047172	gtrbhnhf
01067	Dresden	Hamburger_a	13.708916780985962	51.0614267173337	hmbrgr
01067	Dresden	Hasenberg	13.74683661971289	51.05266534042627	hsnbrg
01067	Dresden	Hertha-Lindner_a	13.7309626	51.0533566	hrth-lndnr
01067	Dresden	Hohenthalplatz	13.7144173	51.058997622906226	hhnthlpltz
01067	Dresden	Instituts_b	13.716292955019252	51.0570971	nsttts
01067	Dresden	Jahn_a	13.7241059	51.0545951	jhn
01067	Dresden	Jakobs_b	13.7304263	51.0493311	jkbs
01067	Dresden	Josephinen_a	13.7296074	51.0471459	jsphnn
01067	Dresden	Jüdenhof	13.7394826	51.0521914	jdnhf
01067	Dresden	Kanzleigäßchen	13.7383152	51.0525764	knzlgßchn
01067	Dresden	Kleine Brüder_b	13.7364561	51.0516526	kln brdr
01067	Dresden	Kleine Packhof_a	13.730739315824636	51.0561188	kln pckhf
01067	Dresden	Kraftwerk Mitte	13.723612288283203	51.053735349099995	krftwrk mtt
01067	Dresden	Kramer_b	13.7384566	51.0485648	krmr
01067	Dresden	Kreuz_a	13.7415204	51.0491601	krz
01067	Dresden	Könneritz_a	13.7271951	51.0576666	knnrtz
01067	Dresden	Landhaus_a	13.742153196962619	51.0508184	lndhs
01067	Dresden	Laurin_a	13.7255674	51.0561192	lrn
01067	Dresden	Lilien_b	13.7316821	51.0485713	lln
01067	Dresden	Löbtauer_a	13.719525294918276	51.054483883460506	lbtr
01067	Dresden	Magdeburger_a	13.7261683	51.06545315288557	mgdbrgr
01067	Dresden	Manitius_a	13.715523458144935	51.057326268166925	mnts
01067	Dresden	Marien_a	13.733125	51.0499786	mrn
01067	Dresden	Materni_a	13.725715	51.0489634	mtrn
01067	Dresden	Max_a	13.7280325	51.0569955	mx
01067	Dresden	Menagerie_a	13.71482411901817	51.05760009493129	mngr
01067	Dresden	Messering	13.7223758	51.073845385424484	mssrng
01067	Dresden	Moritz_b	13.7411792	51.0504678	mrtz
01067	Dresden	Münz_b	13.74147090583029	51.0530636	mnz
01067	Dresden	Neumarkt	13.7415975	51.052124	nmrkt
01067	Dresden	Ostra_c	13.7329889	51.0574776	str
01067	Dresden	Ostra-Ufer	13.7318059	51.0580857	str-fr
01067	Dresden	Palm_a	13.7253767	51.0509837	plm
01067	Dresden	Pfarr_b	13.7387782	51.048275	pfrr
01067	Dresden	Pieschener_c	13.7290596	51.068806037891385	pschnr
01067	Dresden	Polier_a	13.727619	51.0459445	plr
01067	Dresden	Postplatz	13.7341753	51.0513799	pstpltz
01067	Dresden	Rampische_a	13.74393	51.0516371	rmpsch
01067	Dresden	Ring_a	13.7433613	51.0489724	rng
01067	Dresden	Ritzenberg_a	13.7260901	51.0564269	rtznbrg
01067	Dresden	Rosen_a	13.726378	51.0488384	rsn
01067	Dresden	Rosmarin_b	13.738929	51.0513995	rsmrn
01067	Dresden	Roßthaler_a	13.720901193491377	51.054080981610454	rßthlr
01067	Dresden	Rudolf-Harbig_d	13.724789737996996	51.061958282964966	rdlf-hrbg
01067	Dresden	Röhrhofs_b	13.7297717	51.0490452	rhrhfs
01067	Dresden	Salz_b	13.7439079	51.0519504	slz
01067	Dresden	Scheffel_b	13.7350172	51.0500406	schffl
01067	Dresden	Schieß_b	13.743714100004915	51.05075511360233	schß
01067	Dresden	Schloss_a	13.7376691	51.0519204	schlss
01067	Dresden	Schloßplatz	13.7394275	51.0532547	schlßpltz
01067	Dresden	Schloß_a	13.7389076	51.05350118348974	schlß
01067	Dresden	Schreiber_b	13.7378194	51.0482484	schrbr
01067	Dresden	Schul_b	13.7391399	51.0478888	schl
01067	Dresden	Schweriner_a	13.7306319	51.05502240817965	schwrnr
01067	Dresden	Schäfer_a	13.7195345	51.05787848217378	schfr
01067	Dresden	Schösser_b	13.7385624	51.0522921	schssr
01067	Dresden	Schützen_b	13.7274718	51.0548476	schtzn
01067	Dresden	Schützenplatz	13.7273198	51.0560468	schtznpltz
01067	Dresden	See_a	13.7371141	51.049097	s
01109	Dresden	Grüne Aue	13.733043110235368	51.11764865	grn 
01109	Dresden	Grüne Telle	13.750187056903055	51.10946973579935	grn tll
01109	Dresden	Grüner_d	13.7777192	51.11643749850646	grnr
01109	Dresden	Göhrener_d	13.7838935	51.1225369	ghrnr
01109	Dresden	Habicht_d	13.725830721098776	51.11438286628581	hbcht
01109	Dresden	Hauer_a	13.7810806	51.12043657383677	hr
01109	Dresden	Heiderand_d	13.77078819685305	51.108402590828376	hdrnd
01109	Dresden	Heide_d	13.756770000000003	51.112100388741574	hd
01109	Dresden	Heinrich-Tessenow_d	13.7595228	51.11364202102472	hnrch-tssnw
01109	Dresden	Heller_a	13.736893800000002	51.119016780729964	hllr
01109	Dresden	Hendrich_a	13.7645838	51.11698069999999	hndrch
01109	Dresden	Hermann-Reichelt_a	13.772282	51.128231	hrmnn-rchlt
01109	Dresden	Hirten_d	13.7622872	51.1086707	hrtn
01109	Dresden	Hoher_d	13.750090299999998	51.1101370060441	hhr
01109	Dresden	Hugo-Junkers-Ring	13.792961135377114	51.1327201	hg-jnkrs-rng
01109	Dresden	Ikarus_d	13.78408506671977	51.1333939332833	krs
01109	Dresden	Karl-Gjellerup_a	13.7684204	51.11696025022432	krl-gjllrp
01109	Dresden	Karl-Liebknecht_a	13.7637683	51.1138846	krl-lbkncht
01109	Dresden	Karl-Marx_a	13.77551028840502	51.1181371	krl-mrx
01109	Dresden	Karlshagener_d	13.7735906	51.1170394	krlshgnr
01109	Dresden	Keulenberg_a	13.727641540503125	51.12100734999999	klnbrg
01109	Dresden	Kiefern_d	13.7417403	51.1164307	kfrn
01109	Dresden	Kieler_a	13.783302567483334	51.115430989515154	klr
01109	Dresden	Kirchsteig	13.7610875	51.1142144	krchstg
01109	Dresden	Kirch_a	13.7250544732515	51.12392399414829	krch
01109	Dresden	Klotzscher Berglehne	13.76651613335696	51.11540336656262	kltzschr brglhn
01109	Dresden	Klotzscher Haupt_a	13.772909451515211	51.11293758391049	kltzschr hpt
01109	Dresden	Knappsdorfer_a	13.739846017057522	51.1257604932582	knppsdrfr
01109	Dresden	Konrad-Zuse_a	13.783676169678122	51.12603569745779	knrd-zs
01109	Dresden	Korolenko_a	13.77955162965277	51.116101420884455	krlnk
01109	Dresden	Kunitzteich_d	13.792373309970442	51.12172968207517	kntztch
01109	Dresden	Kurze Reihe	13.737564673137095	51.11740762785184	krz rh
01109	Dresden	Kurzer_d	13.7626654	51.1097874	krzr
01109	Dresden	Käthe-Kollwitz-Platz	13.789510935540134	51.11951687265432	kth-kllwtz-pltz
01109	Dresden	Königsbrücker Land_a	13.792930837650609	51.1320591	kngsbrckr lnd
01109	Dresden	Langebrücker_a	13.7983134	51.1220949	lngbrckr
01109	Dresden	Lausaer_a	13.744421679498881	51.118571900000006	lsr
01109	Dresden	Lausaer_d	13.747433518010796	51.11774975307842	lsr
01109	Dresden	Lauschigwiesen_d	13.771839021634765	51.120758091204145	lschgwsn
01109	Dresden	Leeraue	13.725555000613893	51.11979580666651	lr
01109	Dresden	Linden_a	13.7729083	51.1103215	lndn
01109	Dresden	Lubminer_a	13.7715742	51.1183552	lbmnr
01109	Dresden	Ludwig-Jahn_a	13.77215655	51.1117019	ldwg-jhn
01109	Dresden	Ludwig-Kossuth_a	13.7464319	51.11852613549135	ldwg-kssth
01109	Dresden	Lößnitz_d	13.717472105534146	51.121866274472964	lßntz
01109	Dresden	Maria-Reiche_a	13.785599631254351	51.1268591	mr-rch
01109	Dresden	Markt	13.7620081	51.1100534	mrkt
01109	Dresden	Marsdorfer_a	13.761418606918566	51.12045037922354	mrsdrfr
01109	Dresden	Max-Hünig_a	13.771213229814688	51.11012875	mx-hng
01109	Dresden	Meisensteig	13.7616873	51.1144215	msnstg
01109	Dresden	Meridian_a	13.735218288974975	51.116112434987386	mrdn
01109	Dresden	Moritzburger_d	13.761408956977869	51.11564226975965	mrtzbrgr
01109	Dresden	Nesselgrund_d	13.793945805647112	51.11351427907655	nsslgrnd
01109	Dresden	Oder_a	13.765972363084359	51.1176802	dr
01109	Dresden	Olterstein_d	13.726742149999998	51.10846785	ltrstn
01109	Dresden	Professor-von-Finck_a	13.784310752981126	51.115544283328944	prfssr-vn-fnck
01109	Dresden	Putbuser_d	13.7852197	51.1237363	ptbsr
01109	Dresden	Quosdorf_a	13.779505574296042	51.12043059907135	qsdrf
01109	Dresden	Radeburger_a	13.736568	51.13047858974396	rdbrgr
01109	Dresden	Reinecke_d	13.723787775362334	51.122281850128466	rnck
01109	Dresden	Ring_a	13.71333990783207	51.12845056481632	rng
01109	Dresden	Robert-Bosch-Ring	13.743778995980023	51.12891803554904	rbrt-bsch-rng
01109	Dresden	Rostocker_a	13.783341757474085	51.119533525464156	rstckr
01109	Dresden	Rudolf-Nehmer_a	13.7708993	51.1241851	rdlf-nhmr
01109	Dresden	Ruhesteg	13.7203747	51.11512055000001	rhstg
01109	Dresden	Rusche_d	13.760436082301368	51.1118031	rsch
01109	Dresden	Rähnitzer_c	13.7452245	51.12690647137469	rhntzr
01109	Dresden	Rähnitzer_a	13.758727899999997	51.120197299999994	rhntzr
01109	Dresden	Saalfelder_a	13.768402750000002	51.10992681868516	slfldr
01109	Dresden	Sagarder_d	13.7850199	51.1233769	sgrdr
01109	Dresden	Saßnitzer_a	13.730009050000001	51.11848802961061	sßntzr
01109	Dresden	Schmaler_d	13.755882299999996	51.1126323	schmlr
01109	Dresden	Schwalben_d	13.72330721765326	51.11735702259208	schwlbn
01109	Dresden	Schänken_d	13.775660973704147	51.11709075000001	schnkn
01109	Dresden	Schönbacher_d	13.7342098	51.11912339581784	schnbchr
01109	Dresden	Selliner_a	13.789014250000003	51.1221287	sllnr
01109	Dresden	Silcher_a	13.7710421131353	51.11021148425058	slchr
01109	Dresden	Stendaler_a	13.788106633220906	51.12078121792206	stndlr
01109	Dresden	Stralsunder_a	13.779862478913737	51.1151766	strlsndr
01109	Dresden	Tauben_d	13.72543754210535	51.11585609995627	tbn
01109	Dresden	Teichwiesen_d	13.77485798251565	51.123315878253656	tchwsn
01109	Dresden	Theodor-Fontane_a	13.7901749	51.1226225	thdr-fntn
01109	Dresden	Tichy_a	13.77767875	51.119190502554396	tchy
01109	Dresden	Traubel_a	13.793825677048071	51.122537126291746	trbl
01109	Dresden	Traugoth-Schmiedgen_a	13.73510973033837	51.11646780353637	trgth-schmdgn
01109	Dresden	Traute-Richter_a	13.7677182	51.116302649999994	trt-rchtr
01109	Dresden	Travemünder_a	13.773232117286764	51.12377695746361	trvmndr
01109	Dresden	Tännicht_d	13.75539395	51.10934836644084	tnncht
01109	Dresden	Urnenfeld_d	13.751779947224778	51.11375077315572	rnnfld
01109	Dresden	Valeria-Kratina_d	13.754673956703218	51.1147694765178	vlr-krtn
01109	Dresden	Vogelsteller_d	13.773348777793784	51.122056118555214	vglstllr
01109	Dresden	Volkersdorfer_d	13.75739102925189	51.13658489313218	vlkrsdrfr
01109	Dresden	Vorerlen_d	13.7412489	51.1181313	vrrln
01109	Dresden	Waldhof_a	13.712795241408116	51.11504592577418	wldhf
01109	Dresden	Waldteich_a	13.728361206620137	51.1169639	wldtch
01109	Dresden	Warnemünder_a	13.720386716860208	51.121744946264066	wrnmndr
01109	Dresden	Wiesensteig	13.738112862083783	51.11434555	wsnstg
01109	Dresden	Wilhelm-Külz_a	13.747202754339803	51.11668784581587	wlhlm-klz
01109	Dresden	Wilhelmine-Reichard-Ring	13.76514208589023	51.1256129	wlhlmn-rchrd-rng
01109	Dresden	William-Shakespeare_a	13.769358	51.110539706839425	wllm-shkspr
01067	Dresden	Seiler_b	13.731923	51.0473866	slr
01067	Dresden	Seminar_a	13.722983930533207	51.057818499999996	smnr
01067	Dresden	Sporer_b	13.73893	51.0518587	sprr
01067	Dresden	Sternplatz	13.726738736902194	51.0471716	strnpltz
01067	Dresden	Taschenberg	13.7372786	51.0525621	tschnbrg
01067	Dresden	Terrassen_b	13.7402169	51.0533078	trrssn
01067	Dresden	Terrassenufer	13.742028	51.053660791258885	trrssnfr
01067	Dresden	Theaterplatz	13.7371186	51.055001670983366	thtrpltz
01067	Dresden	Theater_a	13.7322002	51.0528916	thtr
01067	Dresden	Trabanten_b	13.7279427	51.0552438	trbntn
01067	Dresden	Tzschirnerplatz	13.745073	51.05203186061901	tzschrnrpltz
01067	Dresden	Töpfer_a	13.7408968	51.0524058	tpfr
01067	Dresden	Vorwerk_a	13.714139657961084	51.0594361497621	vrwrk
01067	Dresden	Wachsbleich_a	13.721425391277966	51.0592066	wchsblch
01067	Dresden	Waisenhaus_a	13.7364839	51.0467912	wsnhs
01067	Dresden	Wall_a	13.7348351	51.0505197	wll
01067	Dresden	Walther_a	13.713643127909108	51.06256982644809	wlthr
01067	Dresden	Weber_b	13.7362779	51.049751	wbr
01067	Dresden	Weinlig_a	13.728969150000001	51.04676775	wnlg
01067	Dresden	Weiße_b	13.740918	51.049594	wß
01067	Dresden	Weißeritz_a	13.7267963	51.05957219844422	wßrtz
01067	Dresden	Wettiner Platz	13.72593330879022	51.0542404	wttnr pltz
01067	Dresden	Wilsdruffer_a	13.7434353	51.0511672	wlsdrffr
01067	Dresden	Zur Messe	13.714114484820568	51.0721902	zr mss
01069	Dresden	Altenzeller_a	13.7280452	51.0389235	ltnzllr
01069	Dresden	Ammon_a	13.729493735950658	51.04386539783231	mmn
01069	Dresden	Andreas-Schubert_a	13.7376269	51.03817697063021	ndrs-schbrt
01069	Dresden	Barkhausen_a	13.7331966	51.0274189	brkhsn
01069	Dresden	Bayrische_a	13.7321564	51.041593	byrsch
01069	Dresden	Berg_a	13.732142245518718	51.0407087	brg
01069	Dresden	Bernhard_a	13.729947471432373	51.03961750183346	brnhrd
01069	Dresden	Blochmann_a	13.7561096	51.0494683	blchmnn
01069	Dresden	Blüher_a	13.751590519206509	51.0465687	blhr
01069	Dresden	Breslauer_a	13.7329487	51.0421389	brslr
01069	Dresden	Budapester_a	13.733083	51.0462259	bdpstr
01069	Dresden	Bürgerwiese	13.7408579	51.0445958	brgrws
01069	Dresden	Dore-Hoyer_a	13.7414052	51.0402345	dr-hyr
01069	Dresden	Dülfer_a	13.727344055503641	51.02651486794647	dlfr
01069	Dresden	Dürer_a	13.7578373	51.0527475	drr
01069	Dresden	Egon-Erwin-Kisch_a	13.7416902	51.031657273987996	gn-rwn-ksch
01069	Dresden	Einstein_a	13.73354335	51.031330923733016	nstn
01069	Dresden	Eisenstuck_a	13.7285659	51.03767935	snstck
01069	Dresden	Erlwein_a	13.7366807	51.03154535648944	rlwn
01069	Dresden	Feld_b	13.7313105	51.044013	fld
01069	Dresden	Feldschlößchen_a	13.721656141696446	51.04394632668832	fldschlßchn
01069	Dresden	Ferdinandplatz	13.7387849	51.0455892	frdnndpltz
01069	Dresden	Ferdinand_a	13.7377735	51.0457724	frdnnd
01069	Dresden	Franklin_a	13.7441855	51.0347465	frnkln
01069	Dresden	Friedrich-List-Platz	13.7353778	51.0388207	frdrch-lst-pltz
01069	Dresden	Fritz-Foerster-Platz	13.7301655	51.0309571	frtz-frstr-pltz
01069	Dresden	Fritz-Löffler_a	13.7315216	51.0373147	frtz-lfflr
01069	Dresden	Georg-Wrba_a	13.7475564	51.0327959	grg-wrb
01069	Dresden	George-Bähr_a	13.729584574039524	51.0301465	grg-bhr
01069	Dresden	Gerichts_a	13.753376	51.0520454	grchts
01069	Dresden	Glauchauer_a	13.715402111427947	51.03894415479628	glchr
01069	Dresden	Gret-Palucca_a	13.74482892364326	51.0408539	grt-plcc
01069	Dresden	Große Plauensche_a	13.7300882	51.0446323	grß plnsch
01069	Dresden	Grunaer_a	13.754166202151337	51.049363660611	grnr
01069	Dresden	Gutzkow_a	13.7409213	51.0356361	gtzkw
01069	Dresden	Güntz_a	13.7581433	51.0530332	gntz
01069	Dresden	Haeckel_a	13.733917050641397	51.0282368	hckl
01069	Dresden	Hahneberg_a	13.7178919	51.0401116	hhnbrg
01069	Dresden	Hallwachs_a	13.726796648765298	51.0262477	hllwchs
01069	Dresden	Hans-Dankner_a	13.7404298	51.0425242	hns-dnknr
01069	Dresden	Hauff_a	13.7361569	51.0331624	hff
01069	Dresden	Helmholtz_a	13.7282119	51.0305914	hlmhltz
01069	Dresden	Helmut-Schön_c	13.750091999999999	51.04279323273684	hlmt-schn
01069	Dresden	Hempel_a	13.7346573	51.0274751	hmpl
01069	Dresden	Henriette-Heber_a	13.7192903	51.0417453	hnrtt-hbr
01069	Dresden	Hettner_a	13.7292966	51.031098	httnr
01069	Dresden	Hochschul_a	13.7340616	51.0373198	hchschl
01069	Dresden	Hohe_a	13.7257802	51.042057	hh
01069	Dresden	Hübner_a	13.728282034328373	51.03596388506699	hbnr
01069	Dresden	Josephinen_a	13.7319932	51.0454587	jsphnn
01069	Dresden	Kaitzer_a	13.7270032	51.0410439	ktzr
01069	Dresden	Kunad_a	13.7164643	51.0418158	knd
01069	Dresden	Lennéplatz	13.7468463	51.0378625	lnnpltz
01069	Dresden	Lenné_a	13.755885813398436	51.0455369	lnn
01069	Dresden	Leonhard-Frank_a	13.7419075	51.0306427	lnhrd-frnk
01069	Dresden	Leubnitzer_a	13.7282994	51.03973938280369	lbntzr
01069	Dresden	Liebig_a	13.7283976	51.0375654	lbg
01069	Dresden	Lindenau_a	13.731358006844218	51.03817565397463	lndn
01069	Dresden	Linden_b	13.7418023	51.0421786	lndn
01069	Dresden	Lingner_c	13.7468538	51.047389	lngnr
01069	Dresden	Lingnerplatz	13.7467526	51.04440262485886	lngnrpltz
01069	Dresden	Lothringer_a	13.7563258	51.0551348	lthrngr
01069	Dresden	Lukasplatz	13.734283869684988	51.03184016065723	lkspltz
01069	Dresden	Lukas_a	13.7334595	51.0325052	lks
01069	Dresden	Mary-Wigman_a	13.7413418	51.0407477	mry-wgmn
01069	Dresden	Mathilden_a	13.7536514	51.0499575	mthldn
01069	Dresden	Max-Liebermann_a	13.7419519	51.03040405	mx-lbrmnn
01069	Dresden	Mommsen_a	13.730755859544464	51.028112487643504	mmmsn
01069	Dresden	Mosczinsky_a	13.7390388	51.0421119	mscznsky
01069	Dresden	Münchner Platz	13.723521488392537	51.02950836003395	mnchnr pltz
01069	Dresden	Park_a	13.744780785836546	51.03863962069312	prk
01069	Dresden	Pestalozzi_a	13.7567718	51.0520315	pstlzz
01069	Dresden	Pillnitzer_a	13.757155924029748	51.0514047	pllntzr
01069	Dresden	Pirnaische_a	13.7492224	51.0467169	prnsch
01069	Dresden	Prager_a	13.737333664343382	51.0464772	prgr
01069	Dresden	Rabener_a	13.7404258	51.03560616894566	rbnr
01129	Dresden	Fraunhofer_a	13.7063879	51.0937307	frnhfr
01129	Dresden	Friedewalder_a	13.724148	51.0881363	frdwldr
01129	Dresden	Friedewalder_d	13.7236519	51.0871421	frdwldr
01129	Dresden	Galilei_a	13.709733795332092	51.098011050000004	gll
01129	Dresden	Grimmaische_a	13.7310273	51.0921821	grmmsch
01129	Dresden	Großenhainer_a	13.728341	51.0989284	grßnhnr
01129	Dresden	Gustav-Richter_a	13.7083338	51.0944179	gstv-rchtr
01129	Dresden	Halley_a	13.7114852	51.09327371049146	hlly
01129	Dresden	Hans-Sachs_a	13.7302264	51.0914562	hns-schs
01129	Dresden	Hellerauer_a	13.7215892	51.0886205	hllrr
01129	Dresden	Hellerhof_a	13.7363132	51.0997413	hllrhf
01129	Dresden	Hubertusplatz	13.7247619	51.0897379	hbrtspltz
01129	Dresden	Hubertus_a	13.7269851	51.0948264	hbrts
01129	Dresden	Industrie_a	13.717201349999998	51.0911282	ndstr
01129	Dresden	Kalkreuther_a	13.7188444	51.1005602	klkrthr
01129	Dresden	Kleist_a	13.7285971	51.0872573	klst
01129	Dresden	Kopernikus_a	13.717759375395097	51.09267982374659	kprnks
01129	Dresden	Kronen_a	13.720181750000002	51.0935979	krnn
01129	Dresden	Kändler_a	13.728689429865026	51.09619742649448	kndlr
01129	Dresden	Lauterbacher_a	13.736572017476057	51.091522953850905	ltrbchr
01129	Dresden	Lichtenberg_d	13.7107615	51.0914353	lchtnbrg
01129	Dresden	Maxim-Gorki_a	13.730027	51.0906772	mxm-grk
01129	Dresden	Meinhold_a	13.733400847048022	51.09953129266722	mnhld
01129	Dresden	Moritzburger Land_a	13.709922449999999	51.1044158	mrtzbrgr lnd
01129	Dresden	Morse_d	13.7025904	51.095523591367694	mrs
01129	Dresden	Neuländer_a	13.7138779	51.099324315275844	nlndr
01129	Dresden	Platanen_a	13.719308994886958	51.09627473003587	pltnn
01129	Dresden	Promnitztal_a	13.721956	51.0902495	prmntztl
01129	Dresden	Radeburger_a	13.741005337354828	51.09945145	rdbrgr
01129	Dresden	Rahn_a	13.714487062849093	51.099222	rhn
01129	Dresden	Reichenberger_a	13.719452431160393	51.093856715188316	rchnbrgr
01129	Dresden	Richard-Rösch_a	13.704159091331466	51.0934387	rchrd-rsch
01129	Dresden	Riesaer_a	13.7260753	51.0863035	rsr
01129	Dresden	Rückert_a	13.7271633	51.0907075	rckrt
01129	Dresden	Schedlich_a	13.7154386	51.0991318	schdlch
01129	Dresden	Schützenhof_a	13.7183815	51.097268175513385	schtznhf
01129	Dresden	Seume_a	13.7291237	51.0881973	sm
01129	Dresden	Steinheil_a	13.7090264	51.0935573	stnhl
01129	Dresden	Stephan_a	13.7166756	51.0966169	stphn
01129	Dresden	Trachauer Heide_d	13.725873313669814	51.09115548372672	trchr hd
01129	Dresden	Trachenberger Platz	13.731143282192958	51.0851996058191	trchnbrgr pltz
01129	Dresden	Trachenberger_a	13.7317269	51.0903409	trchnbrgr
01129	Dresden	Trentzsch_d	13.7087448	51.0932503	trntzsch
01129	Dresden	Trobisch_a	13.7094855	51.0947455	trbsch
01129	Dresden	Virchow_a	13.7230279	51.0948679	vrchw
01129	Dresden	Volkersdorfer_a	13.7214752	51.087732	vlkrsdrfr
01129	Dresden	Wahnsdorfer_a	13.7202137	51.09296870647685	whnsdrfr
01129	Dresden	Wald_a	13.7286011	51.09097935	wld
01129	Dresden	Weinberg_a	13.7378201	51.09783514906642	wnbrg
01129	Dresden	Weixdorfer_a	13.721009864660198	51.0922356893087	wxdrfr
01129	Dresden	Wilder-Mann_a	13.7186263268942	51.09643265206108	wldr-mnn
01139	Dresden	Adolf_a	13.7038487	51.0872131	dlf
01139	Dresden	Altkaditz	13.6746431	51.0836764	ltkdtz
01139	Dresden	Altmickten	13.7011084	51.07419585144049	ltmcktn
01139	Dresden	Alttrachau	13.715838199999999	51.08683674099803	lttrch
01139	Dresden	Altübigau	13.700044288957193	51.07160192616447	ltbg
01139	Dresden	Am Kaditzer Tännicht	13.6839659	51.0887005	m kdtzr tnncht
01139	Dresden	Am Kesselgrund	13.6731886	51.0937612	m ksslgrnd
01139	Dresden	Am Seegraben	13.6670798	51.0935482	m sgrbn
01139	Dresden	Am Stadtrand	13.677968	51.0922332	m stdtrnd
01139	Dresden	Am Trachauer Bahnhof	13.705273389576192	51.09017289988074	m trchr bhnhf
01139	Dresden	Am Vorwerksfeld	13.6677801	51.0929487	m vrwrksfld
01139	Dresden	An den Hufen	13.685415671155353	51.08416239914388	n dn hfn
01139	Dresden	An der Böschung	13.7009099	51.0934941	n dr bschng
01139	Dresden	An der Dürren Heide	13.7002764	51.0951866	n dr drrn hd
01139	Dresden	An der Elbaue	13.699759	51.0792756	n dr lb
01139	Dresden	An der Flutrinne	13.6979263	51.0775568	n dr fltrnn
01139	Dresden	Andersen_a	13.6835229	51.0846244	ndrsn
01139	Dresden	Baudissin_a	13.701672633614121	51.0889178	bdssn
01139	Dresden	Baumwiesen_d	13.7013458	51.0952493	bmwsn
01139	Dresden	Bobe_a	13.6966623	51.0905672	bb
01139	Dresden	Brockwitzer_a	13.7018411	51.0788912	brckwtzr
01139	Dresden	Bunsen_a	13.707159	51.0841452	bnsn
01139	Dresden	Böcklin_a	13.7073032	51.0771449	bckln
01139	Dresden	Carriera_a	13.697385947891362	51.0708769	crrr
01139	Dresden	Dettmer_a	13.7147702795307	51.081686787835295	dttmr
01139	Dresden	Dreyßigplatz	13.71311	51.0812059	dryßgpltz
01139	Dresden	Dunger_a	13.6955495	51.0903567	dngr
01139	Dresden	Elbvillen_d	13.7097321	51.0786009	lbvlln
01139	Dresden	Emilien_a	13.6927014	51.0930015	mln
01139	Dresden	Fechner_a	13.7047202	51.0852593	fchnr
01139	Dresden	Flößer_a	13.7012849	51.0789512	flßr
01139	Dresden	Franz-Lehmann_a	13.71294685	51.0827146	frnz-lhmnn
01139	Dresden	Fürstenhainer_a	13.68570060418849	51.0868518	frstnhnr
01139	Dresden	Gauß_a	13.711835735904824	51.0875724894975	gß
01139	Dresden	Gebler_a	13.702960254934036	51.092789	gblr
01139	Dresden	Geibel_a	13.6973903	51.0900603831649	gbl
01139	Dresden	Gleinaer_a	13.6863981	51.0946389	glnr
01139	Dresden	Grimm_a	13.6895606	51.0853444	grmm
01139	Dresden	Gucksberg_d	13.6679598	51.0933681	gcksbrg
01139	Dresden	Gustav-Schwab_a	13.68376435	51.08502	gstv-schwb
01139	Dresden	Guts-Muths_a	13.7169199	51.0857469	gts-mths
01139	Dresden	Hauptmann_a	13.70612497080659	51.0819391	hptmnn
01139	Dresden	Henrici_a	13.7116342	51.08521753460867	hnrc
01139	Dresden	Herbst_a	13.71058217263417	51.08063065000001	hrbst
01139	Dresden	Hildesheimer_a	13.7050262	51.0890626	hldshmr
01139	Dresden	Homilius_a	13.707067101983812	51.0804372	hmls
01139	Dresden	Jubiläums_a	13.705700477658912	51.086249309625394	jblms
01139	Dresden	Kaditzer_a	13.698985600000002	51.07312715179232	kdtzr
01139	Dresden	Kathen_d	13.6639848	51.0932586	kthn
01156	Dresden	Brauer_b	13.62948661512603	51.088013865725074	brr
01156	Dresden	Breitscheid_a	13.641045198329627	51.084974949999996	brtschd
01156	Dresden	Brunnen_d	13.625072	51.07902865	brnnn
01156	Dresden	Buchenhain	13.6451688	51.0375864	bchnhn
01156	Dresden	Buchen_d	13.6460476	51.0569575	bchn
01156	Dresden	Busch_d	13.642135499999998	51.07734819559212	bsch
01156	Dresden	Bäcker_d	13.6309285	51.0430487	bckr
01156	Dresden	Cossebauder_a	13.641426671433301	51.09264501809279	cssbdr
01156	Dresden	Cossebauder_d	13.62299145	51.07101882972951	cssbdr
01156	Dresden	Daheim_d	13.637049419623398	51.08048352777495	dhm
01156	Dresden	Dahlien_d	13.6371289	51.0901201	dhln
01156	Dresden	Dorfplatz-Brabschütz	13.622247445022293	51.070983049999995	drfpltz-brbschtz
01156	Dresden	Dorf_a	13.64416	51.0952666779944	drf
01156	Dresden	Dorotheen_a	13.6097101	51.0834066	drthn
01156	Dresden	Drei-Häuser_d	13.6022173	51.0440244	dr-hsr
01156	Dresden	Dresdner_a	13.650287724792367	51.08864225000001	drsdnr
01156	Dresden	Eichberg_a	13.630507149999998	51.085423086111156	chbrg
01156	Dresden	Elbhang_a	13.6459405	51.080954851245984	lbhng
01156	Dresden	Elb_a	13.65190588914798	51.0909207	lb
01156	Dresden	Erna-Berger_a	13.627142650000001	51.0887003	rn-brgr
01156	Dresden	Friedens_c	13.6061509	51.0869449	frdns
01156	Dresden	Friedhofs_d	13.620943363162873	51.07991638196879	frdhfs
01156	Dresden	Friedrich-August_a	13.612112649999998	51.091799	frdrch-gst
01156	Dresden	Fritz-Arndt-Platz	13.6027525	51.078005	frtz-rndt-pltz
01156	Dresden	Fünf-Brüder_d	13.6029027	51.08186	fnf-brdr
01156	Dresden	Garten_a	13.651789881230842	51.090376136721204	grtn
01156	Dresden	Gewerbepark	13.637056217014274	51.069064835064594	gwrbprk
01156	Dresden	Gnomenstieg	13.6199572	51.0862563	gnmnstg
01156	Dresden	Gohliser_a	13.631206975713598	51.0895183	ghlsr
01156	Dresden	Gohliser_d	13.643002849999998	51.08867941849709	ghlsr
01156	Dresden	Gompitzer Hang	13.63421546390243	51.042772351613536	gmptzr hng
01156	Dresden	Gompitzer Höhe	13.633163732446942	51.040617524766915	gmptzr hh
01156	Dresden	Gompitzer Wirtschafts_d	13.63415563697854	51.04469403198793	gmptzr wrtschfts
01156	Dresden	Grenz_a	13.63470721064514	51.08918865000001	grnz
01156	Dresden	Gruna_d	13.6050442	51.0930152	grn
01156	Dresden	Grüner_d	13.6486311	51.0906743	grnr
01156	Dresden	Gustav-Voigt_a	13.6030476	51.0808151	gstv-vgt
01156	Dresden	Gärtner_d	13.6307254	51.0429082	grtnr
01156	Dresden	Halank_d	13.646501283104822	51.03283105014152	hlnk
01156	Dresden	Hartwig_d	13.638874326765968	51.041295720968414	hrtwg
01156	Dresden	Haufes Berg	13.645953864707238	51.03343427360761	hfs brg
01156	Dresden	Haupt_a	13.6296337	51.08819184538937	hpt
01156	Dresden	Heinrich-Klemm_d	13.644644900000001	51.033316299999996	hnrch-klmm
01156	Dresden	Heinrich-Mann_a	13.634880416232164	51.08882618050337	hnrch-mnn
01156	Dresden	Hermann-Große_a	13.60765325	51.0927676	hrmnn-grß
01156	Dresden	Hohl_d	13.637372859301076	51.04482673390932	hhl
01156	Dresden	Hässige_a	13.6103484	51.080131	hssg
01156	Dresden	Hühndorfer_d	13.5910724	51.0596999	hhndrfr
01156	Dresden	Jammertal	13.618591332211475	51.04098508789268	jmmrtl
01156	Dresden	Jasmin_d	13.6455742	51.0568681	jsmn
01156	Dresden	Kastanien_d	13.645464718671823	51.038580729819294	kstnn
01156	Dresden	Kaufbacher_d	13.590624504185957	51.05872578668347	kfbchr
01156	Dresden	Kesselsdorfer_a	13.6444929	51.0404797	ksslsdrfr
01156	Dresden	Kirchen_d	13.648836169587204	51.07485438151415	krchn
01156	Dresden	Kohlsdorfer_d	13.63113631612172	51.03520014775427	khlsdrfr
01156	Dresden	Kolping_a	13.6370897	51.09068797223821	klpng
01156	Dresden	Krumme_b	13.6248967	51.0830980894115	krmm
01156	Dresden	Käthe-Kollwitz_a	13.632848362480411	51.087174191712904	kth-kllwtz
01156	Dresden	Liebknecht_a	13.6113945	51.0818295	lbkncht
01156	Dresden	Linden_d	13.6449645	51.03890491623695	lndn
01156	Dresden	Lochmühlen_d	13.6039381	51.0766749	lchmhln
01156	Dresden	Lotzebach_a	13.610303850000001	51.07632404866742	ltzbch
01156	Dresden	Ludwig_a	13.635838336403301	51.086243137033556	ldwg
01156	Dresden	Lößnitzblick	13.64427639331052	51.079949797645	lßntzblck
01156	Dresden	Manfred-Streubel_d	13.6499319	51.089596449999995	mnfrd-strbl
01156	Dresden	Martin-Luther-Ring	13.650517618066392	51.07995719273112	mrtn-lthr-rng
01156	Dresden	Max-Schwan_a	13.602656	51.0813814	mx-schwn
01156	Dresden	Meißner_a	13.628635442511104	51.0958335	mßnr
01156	Dresden	Merbitzer Ring	13.641535482785947	51.0687984	mrbtzr rng
01156	Dresden	Merbitzer_a	13.653845468967019	51.06803952154531	mrbtzr
01156	Dresden	Mühlwiesen_d	13.619720101177279	51.0456962	mhlwsn
01156	Dresden	Neuer Meß_d	13.6469823	51.0572327	nr mß
01156	Dresden	Obere Berg_a	13.633451323030906	51.084003550000006	br brg
01156	Dresden	Oberland_a	13.636152846226771	51.07038238362591	brlnd
01156	Dresden	Oberwarthaer_a	13.6040706	51.0914048	brwrthr
01156	Dresden	Ockerwitzer_c	13.648050573549169	51.05621476414147	ckrwtzr
01156	Dresden	Ockerwitzer Dorf_a	13.643070080176402	51.058449498817644	ckrwtzr drf
01156	Dresden	Ockerwitzer Ring	13.647750348501052	51.05696338734627	ckrwtzr rng
01156	Dresden	Ockerwitzer_d	13.638552066047202	51.06673151619408	ckrwtzr
01156	Dresden	Oskar-Maune_a	13.625671301231703	51.04288440012199	skr-mn
01156	Dresden	Otto-Harzer_a	13.6479202	51.039774400000006	tt-hrzr
01156	Dresden	Park_d	13.6171211	51.0859223	prk
01156	Dresden	Paul-Breyer_a	13.64173748804995	51.043802713296934	pl-bryr
01156	Dresden	Pennricher Feldrain	13.6223673	51.04342476170292	pnnrchr fldrn
01156	Dresden	Pennricher Höhe	13.62836595	51.039059599999995	pnnrchr hh
01156	Dresden	Pennricher Ring	13.635992672802056	51.0408153	pnnrchr rng
01156	Dresden	Pennricher_d	13.6249699	51.0595773	pnnrchr
01156	Dresden	Pesterwitzer Schul_d	13.645109040984567	51.032944220958335	pstrwtzr schl
01156	Dresden	Podemuser Haupt_a	13.62799585	51.06195273529883	pdmsr hpt
01156	Dresden	Podemuser Ring	13.62930759696769	51.061574398009256	pdmsr rng
01156	Dresden	Podemuser_a	13.624246593428218	51.047850120519065	pdmsr
01156	Dresden	Post_d	13.6361335	51.0721514	pst
01156	Dresden	Rennersdorfer Haupt_a	13.6113372	51.0701384	rnnrsdrfr hpt
01156	Dresden	Richard-Bernhardt_d	13.638350049999998	51.04232954999999	rchrd-brnhrdt
01156	Dresden	Roitzscher Dorf_a	13.60999988068012	51.05480504279455	rtzschr drf
01156	Dresden	Roitzscher Land_a	13.625587769247819	51.06139641578847	rtzschr lnd
01156	Dresden	Rosen_a	13.6240666	51.0884809	rsn
01156	Dresden	Rudolf-Förster_a	13.6057486	51.0780466	rdlf-frstr
01156	Dresden	Rudolf-Walther_a	13.639711284024239	51.03759503285137	rdlf-wlthr
01156	Dresden	Schul_a	13.631584777539786	51.08757389666375	schl
01109	Dresden	Wilschdorfer Land_a	13.716569087109324	51.125729047138904	wlschdrfr lnd
01109	Dresden	Windmühlen_d	13.757589880447146	51.1173488	wndmhln
01109	Dresden	Winkel_d	13.776382658830086	51.118860985747105	wnkl
01109	Dresden	Wismarer_a	13.772110630716327	51.1102664	wsmrr
01109	Dresden	Wolgaster_a	13.789092	51.11597443803651	wlgstr
01109	Dresden	Zinnowitzer_a	13.782308604950465	51.121254383686946	znnwtzr
01109	Dresden	Zum Kiefernhang	13.770205899999999	51.10973341219201	zm kfrnhng
01109	Dresden	Zum Kraftwerk	13.7784618	51.1311327	zm krftwrk
01109	Dresden	Zum Windkanal	13.7831673	51.13936449579217	zm wndknl
01109	Dresden	Zur Kurwiese	13.778987880726952	51.111286992420375	zr krws
01109	Dresden	Zur Neuen Brücke	13.7887869	51.11506480214231	zr nn brck
01109	Dresden	Zur Steinhöhe	13.780117512576998	51.134502807452215	zr stnhh
01109	Dresden	Zur Wetterwarte	13.791615001987799	51.1336614	zr wttrwrt
01109	Radeburg	Volkersdorfer Sand_d	13.720463250000002	51.1385169	vlkrsdrfr snd
01127	Dresden	Alexander-Puschkin-Platz	13.729483600000004	51.06992195	lxndr-pschkn-pltz
01127	Dresden	Altpieschen	13.718067689163131	51.07922479456398	ltpschn
01127	Dresden	Arno-Lade_a	13.719170935019612	51.08081399490235	rn-ld
01127	Dresden	Berbisdorfer_a	13.7435973	51.081448	brbsdrfr
01127	Dresden	Braunschweiger_a	13.71745029760143	51.08069414548617	brnschwgr
01127	Dresden	Bärnsdorfer_a	13.7432288	51.085928622056805	brnsdrfr
01127	Dresden	Bärwalder_a	13.7453464	51.0822119	brwldr
01127	Dresden	Bürger_a	13.728844173376963	51.0779352	brgr
01127	Dresden	Coswiger_a	13.7308732	51.08060678977462	cswgr
01127	Dresden	Dahlener_a	13.7153806	51.08111640955241	dhlnr
01127	Dresden	Ebersbacher_d	13.7418495	51.0812757	brsbchr
01127	Dresden	Eisenberger_a	13.730843	51.072194519213674	snbrgr
01127	Dresden	Erfurter_a	13.734941282392082	51.07202578749038	rfrtr
01127	Dresden	Eschebach_a	13.7331182	51.0822931	schbch
01127	Dresden	Gehe_a	13.7316557	51.0751159	gh
01127	Dresden	Großenhainer Str.	13.7300458	51.0816915	grßnhnr str.
01127	Dresden	Großenhainer_a	13.73471868040663	51.08444833900598	grßnhnr
01127	Dresden	Hallesche_a	13.730826870114937	51.07257420621004	hllsch
01127	Dresden	Hammer_d	13.748020283992071	51.094602681865304	hmmr
01127	Dresden	Hans-Fromm_a	13.720768	51.0772621	hns-frmm
01127	Dresden	Harkort_a	13.731834567578563	51.076971197595235	hrkrt
01127	Dresden	Hartig_a	13.73018862777572	51.07315032042259	hrtg
01127	Dresden	Hecht_a	13.7458907	51.08772271286568	hcht
01127	Dresden	Hedwig-Langner_d	13.725377416065156	51.07450955189328	hdwg-lngnr
01127	Dresden	Heide_a	13.7334609	51.085193	hd
01127	Dresden	Ilmenauer_a	13.727250654441521	51.07388120061362	lmnr
01127	Dresden	Im Kleingartenpark	13.737998705820251	51.0781487904059	m klngrtnprk
01127	Dresden	Konkordienplatz	13.724798039840485	51.075566942425155	knkrdnpltz
01127	Dresden	Konkordien_a	13.729390651109052	51.0765728150577	knkrdn
01127	Dresden	Kunz_a	13.733282870768887	51.0753363	knz
01127	Dresden	Leipziger Str.	13.7174623	51.077581	lpzgr str.
01127	Dresden	Leipziger_a	13.7259821	51.0725755	lpzgr
01127	Dresden	Leipziger_a	13.7292228	51.080326	lpzgr
01127	Dresden	Leisniger Platz	13.725567	51.08142208696946	lsngr pltz
01127	Dresden	Leisniger_a	13.7279994	51.082882517592296	lsngr
01127	Dresden	List_a	13.7328139	51.07661383775277	lst
01127	Dresden	Markusplatz	13.722663810304596	51.077573991439756	mrkspltz
01127	Dresden	Markus_a	13.722464665003612	51.08009653439061	mrks
01127	Dresden	Maxim-Gorki_a	13.7370344	51.089627430117254	mxm-grk
01127	Dresden	Medinger_d	13.7423848	51.0812189	mdngr
01127	Dresden	Mohn_a	13.7245484	51.07978298587407	mhn
01127	Dresden	Moritzburger Platz	13.7291188	51.07778985	mrtzbrgr pltz
01127	Dresden	Moritzburger_a	13.728900909835183	51.07578730542571	mrtzbrgr
01127	Dresden	Naunhofer_d	13.7413213	51.0813315	nnhfr
01127	Dresden	Niederauer Platz	13.7430812	51.0825469	ndrr pltz
01127	Dresden	Niederauer_a	13.7425423	51.0845457	ndrr
01127	Dresden	Oberauer_a	13.7422178	51.0846358	brr
01127	Dresden	Oschatzer_a	13.72674475	51.07890672281767	schtzr
01127	Dresden	Osterberg_a	13.72605296926502	51.079061735365954	strbrg
01127	Dresden	Ottendorfer_a	13.7445108	51.0824652	ttndrfr
01127	Dresden	Pestalozziplatz	13.733788827220707	51.07997956148355	pstlzzpltz
01127	Dresden	Rehefelder_a	13.721220882406053	51.084465	rhfldr
01127	Dresden	Riesaer_a	13.7317224	51.0819216	rsr
01127	Dresden	Robert-Matzke_a	13.72400528020437	51.08077857501122	rbrt-mtzk
01127	Dresden	Röderauer_a	13.736012050000003	51.077612900000005	rdrr
01127	Dresden	Seifersdorfer_a	13.7436384	51.0809354	sfrsdrfr
01127	Dresden	Stöckel_a	13.73480796075354	51.07828064430754	stckl
01127	Dresden	Torgauer_a	13.725003730688403	51.080085049999994	trgr
01127	Dresden	Weimarische_a	13.729958665929537	51.073777663343456	wmrsch
01127	Dresden	Weinböhlaer_a	13.738395083041478	51.0868388	wnbhlr
01127	Dresden	Wilschdorfer_a	13.7429758	51.0811637	wlschdrfr
01127	Dresden	Wurzener_a	13.7224227	51.08198023476609	wrznr
01127	Dresden	Wüllner_a	13.719922586441731	51.082856468959235	wllnr
01127	Dresden	Würschnitzer_d	13.7435366	51.0811087	wrschntzr
01127	Dresden	Zeithainer_a	13.731465553846016	51.08212704083289	zthnr
01129	Dresden	Aachener_a	13.7126762	51.0958215	chnr
01129	Dresden	Abbe_a	13.707269	51.0941936	bb
01129	Dresden	Albert-Hensel_a	13.7300748	51.0943879	lbrt-hnsl
01129	Dresden	Am Hellerhof	13.734293050166093	51.09408904999999	m hllrhf
01129	Dresden	Augustus_d	13.6931307	51.1112262	gsts
01129	Dresden	Barbara_a	13.7271863	51.08504290275362	brbr
01129	Dresden	Benz_a	13.7064626	51.0931117	bnz
01129	Dresden	Bolivar_a	13.7234147	51.0954728	blvr
01129	Dresden	Boxdorfer_a	13.7223087	51.0898853	bxdrfr
01129	Dresden	Brehm_d	13.7065437	51.0928111	brhm
01129	Dresden	Buchholzer_a	13.7204361	51.0960663	bchhlzr
01129	Dresden	Burgsdorff_a	13.7202664	51.0948428	brgsdrff
01129	Dresden	Böttger_a	13.714412321563316	51.0964296	bttgr
01129	Dresden	Carl-Zeiß_a	13.709214763318831	51.095417413026944	crl-zß
01129	Dresden	Cottbuser_a	13.7185476	51.0899685463592	cttbsr
01129	Dresden	Dippelsdorfer_a	13.7210772	51.0961623	dpplsdrfr
01129	Dresden	Doppler_a	13.7065045	51.0947764	dpplr
01129	Dresden	Dorothea-Erxleben_a	13.722348	51.0959425	drth-rxlbn
01129	Dresden	Duckwitz_a	13.7247866	51.0953701	dckwtz
01129	Dresden	Döbelner_a	13.734304	51.09692598651032	dblnr
01129	Dresden	Euler_a	13.705289017703294	51.096717352481306	lr
01139	Dresden	Klee_a	13.7029804	51.0924827	kl
01139	Dresden	Kleinsiedler_d	13.6793188	51.0915655	klnsdlr
01139	Dresden	Klinger_a	13.6942792	51.0726815	klngr
01139	Dresden	Kolbe_a	13.702635870347022	51.0898071	klb
01139	Dresden	Krantz_a	13.7158338	51.0851171	krntz
01139	Dresden	Kötitzer_a	13.685377416596815	51.0880669	kttzr
01139	Dresden	Kötzschenbroder_a	13.715823113611828	51.092640409731715	ktzschnbrdr
01139	Dresden	Lange Felder	13.682831904483646	51.0897411	lng fldr
01139	Dresden	Leipziger_a	13.714008105566313	51.09234528755549	lpzgr
01139	Dresden	Leuckart_a	13.7007479	51.086835	lckrt
01139	Dresden	Lommatzscher Platz	13.709968	51.0812056	lmmtzschr pltz
01139	Dresden	Lommatzscher_a	13.712515	51.0830417	lmmtzschr
01139	Dresden	Marie-Curie_a	13.686686485949014	51.07703373027853	mr-cr
01139	Dresden	Mengs_a	13.695605027061573	51.073400276063516	mngs
01139	Dresden	Micktner_a	13.7100715	51.08343254999999	mcktnr
01139	Dresden	Naundorfer_a	13.7069704	51.0817607	nndrfr
01139	Dresden	Overbeck_a	13.69795167396493	51.07556854999999	vrbck
01139	Dresden	Peschel_a	13.7022859	51.0886081	pschl
01139	Dresden	Pettenkofer_a	13.708309902903173	51.085567058559676	pttnkfr
01139	Dresden	Pieschener_a	13.697577339878404	51.08107087404849	pschnr
01139	Dresden	Radebeuler_a	13.69812424122835	51.080950660919186	rdblr
01139	Dresden	Ranke_a	13.70398903971691	51.0911569	rnk
01139	Dresden	Rauch_a	13.6983663	51.073773	rch
01139	Dresden	Rethel_a	13.700280249999999	51.07397777317524	rthl
01139	Dresden	Riegelplatz	13.687844611100692	51.084101	rglpltz
01139	Dresden	Rietz_a	13.7151271	51.084238899999995	rtz
01139	Dresden	Rodung	13.7002194	51.0944049	rdng
01139	Dresden	Roscher_a	13.7028997	51.089465214779125	rschr
01139	Dresden	Roßmäßler_a	13.7089707	51.0841709	rßmßlr
01139	Dresden	Sandboden_d	13.680537	51.091133	sndbdn
01139	Dresden	Scharfenberger_a	13.701857651858859	51.0748482	schrfnbrgr
01139	Dresden	Schenkendorf_a	13.7019888	51.086501	schnkndrf
01139	Dresden	Schwind_a	13.696122	51.0722123	schwnd
01139	Dresden	Seewiesen_d	13.681956216555248	51.09052838406688	swsn
01139	Dresden	Serkowitzer_a	13.6739722	51.0930413	srkwtzr
01139	Dresden	Spitzhaus_a	13.675392969228634	51.0943068	sptzhs
01139	Dresden	Stern_a	13.7140915	51.0800157	strn
01139	Dresden	Tauberth_a	13.69145131418076	51.06805825210521	tbrth
01139	Dresden	Teich_a	13.7105648	51.0847488	tch
01139	Dresden	Thäter_a	13.698262752804885	51.072302	thtr
01139	Dresden	Tichatscheck_a	13.7146574	51.0861523	tchtschck
01139	Dresden	Trachauer_a	13.7077825604662	51.08157697522251	trchr
01139	Dresden	Treidler_a	13.6951878	51.078847507864396	trdlr
01139	Dresden	Veteranen_a	13.705139359457476	51.0873263	vtrnn
01139	Dresden	Waldemar_a	13.70302962238624	51.088258214526526	wldmr
01139	Dresden	Washington_a	13.690881101863619	51.0796013265197	wshngtn
01139	Dresden	Weingarten_d	13.6666375	51.0924921	wngrtn
01139	Dresden	Werft_a	13.6983224	51.0707947	wrft
01139	Dresden	Winter_a	13.711581922389216	51.08030492188985	wntr
01139	Dresden	Wächter_a	13.7014349	51.087646265376655	wchtr
01139	Dresden	Wöhler_a	13.7085626	51.0843161	whlr
01139	Dresden	Wüllner_a	13.715962747409161	51.0826800018752	wllnr
01139	Dresden	Zelenka_a	13.70491398384248	51.0798178249231	zlnk
01139	Dresden	Zingg_a	13.69945661303748	51.070795	zngg
01139	Dresden	Zitzschewiger_a	13.683100885462073	51.0907315658974	ztzschwgr
01139	Dresden	Übigauer_a	13.6755491	51.0815145	bgr
01156	Dresden	Akazien_d	13.6465601	51.0570484	kzn
01156	Dresden	Albertplatz	13.6121242	51.0822425	lbrtpltz
01156	Dresden	Albrechtshöhe	13.629411807312234	51.0806551	lbrchtshh
01156	Dresden	Alt-Leuteritzer Ring	13.6351558	51.0759222	lt-ltrtzr rng
01156	Dresden	Alte Post_a	13.601892943976319	51.0446077	lt pst
01156	Dresden	Altfrankener Dorf_a	13.645898165580022	51.0337009641776	ltfrnknr drf
01156	Dresden	Altfrankener Höhe	13.6385633	51.0366437	ltfrnknr hh
01156	Dresden	Altgompitz	13.642318199999998	51.04517140784937	ltgmptz
01156	Dresden	Altmobschatz	13.6441282	51.07684475	ltmbschtz
01156	Dresden	Altnossener_a	13.644711244841803	51.04463923623867	ltnssnr
01156	Dresden	Altpodemus	13.627570548910525	51.060851673156776	ltpdms
01156	Dresden	Am Berg	13.648477899999998	51.08035694874923	m brg
01156	Dresden	Am Burgberg	13.6031669	51.090522	m brgbrg
01156	Dresden	Am Erlengrund	13.61214495	51.043736956491436	m rlngrnd
01156	Dresden	Am Fährhaus	13.610757563763165	51.0950905	m fhrhs
01156	Dresden	Am Graben	13.634238523483504	51.0423067	m grbn
01156	Dresden	Am Hang	13.650761764055119	51.08125248298979	m hng
01156	Dresden	Am Hegereiter	13.6239152	51.0856662	m hgrtr
01156	Dresden	Am Kirschberg	13.632911421431261	51.08250035	m krschbrg
01156	Dresden	Am Kirschplan	13.6383196	51.037230650000005	m krschpln
01156	Dresden	Am Lucknerpark	13.6482864	51.03938552600721	m lcknrprk
01156	Dresden	Am Mühlberg	13.6131624	51.0483006	m mhlbrg
01156	Dresden	Am Nussbaum	13.646899319126586	51.056692667063366	m nssbm
01156	Dresden	Am Osterberg	13.6115179	51.0838584	m strbrg
01156	Dresden	Am Querfeld	13.6496094	51.0570198	m qrfld
01156	Dresden	Am Rittergut	13.645022182242936	51.03447154368653	m rttrgt
01156	Dresden	Am Schreiberbach	13.5937438	51.05950805393249	m schrbrbch
01156	Dresden	Am Spitzberg	13.617535949999999	51.0851692	m sptzbrg
01156	Dresden	Am Tummelsgrund	13.644711490696201	51.07913354626678	m tmmlsgrnd
01156	Dresden	Am Wetterbusch	13.593793	51.0545981	m wttrbsch
01156	Dresden	Am Zschoner Berg	13.647383733978716	51.059250250000005	m zschnr brg
01156	Dresden	Am Zschonergrund	13.622891111451255	51.045387670093604	m zschnrgrnd
01156	Dresden	Amselgrund	13.6118731	51.0884667	mslgrnd
01156	Dresden	An den Winkelwiesen	13.6250098	51.08886914966251	n dn wnklwsn
01156	Dresden	An der Autobahn	13.639987784686108	51.06975471708051	n dr tbhn
01156	Dresden	An der Kümmelschenke	13.609150142475883	51.036572921593084	n dr kmmlschnk
01156	Dresden	An der Reitanlage	13.635983126283666	51.0441486	n dr rtnlg
01156	Dresden	Astern_d	13.637201999999998	51.09088644999999	strn
01156	Dresden	August-Bebel_a	13.635740651324477	51.087216494625935	gst-bbl
01156	Dresden	Bahnhof_a	13.634780006323995	51.086232656284324	bhnhf
01156	Dresden	Berg_a	13.630349647407698	51.08431005000001	brg
01156	Dresden	Bischof-Benno_d	13.6186414	51.0824036	bschf-bnn
01156	Dresden	Bismarckplatz	13.632703407781744	51.086805002034566	bsmrckpltz
01156	Dresden	Brabschützer_a	13.6290369	51.07918450000001	brbschtzr
01156	Dresden	Schwarm_d	13.5958178	51.0558811	schwrm
01156	Dresden	Schwarzer_d	13.6041017	51.0818532	schwrzr
01156	Dresden	Silbertal_d	13.6080783	51.0697306	slbrtl
01156	Dresden	Sonnenleite	13.6240493	51.0845221	snnnlt
01156	Dresden	Sonnenwinkel	13.64703115348717	51.05991345	snnnwnkl
01156	Dresden	Stadtblick	13.645257866230654	51.05539815000001	stdtblck
01156	Dresden	Stausee_d	13.608891	51.0700339	sts
01156	Dresden	Steinbacher Grund_a	13.6065625	51.0469348	stnbchr grnd
01156	Dresden	Süd_a	13.6422266	51.094500749999995	sd
01156	Dresden	Tal_a	13.628048016744312	51.085725666692824	tl
01156	Dresden	Teich_d	13.593841895388701	51.0570797	tch
01156	Dresden	Tännichtgrund_a	13.602778	51.0931332	tnnchtgrnd
01156	Dresden	Ulmen_d	13.6438797	51.0376049	lmn
01156	Dresden	Unkersdorfer Land_a	13.598132550000003	51.073504650000004	nkrsdrfr lnd
01156	Dresden	Unkersdorfer_d	13.6085718	51.0674486	nkrsdrfr
01156	Dresden	Waldblick	13.61827342770225	51.04574745	wldblck
01156	Dresden	Weinberg_a	13.6252992	51.0849417	wnbrg
01156	Dresden	Weistropper_a	13.604148788881835	51.0946862	wstrppr
01156	Dresden	Wiesen_d	13.6101662	51.0809012	wsn
01156	Dresden	Windmühlen_d	13.658211798698328	51.0925389	wndmhln
01156	Dresden	Winzer_a	13.6260623	51.0853091	wnzr
01156	Dresden	Ziegelei_d	13.64021226029868	51.0809538237169	zgl
01156	Dresden	Zschonerblick	13.6480247	51.05811045903354	zschnrblck
01156	Dresden	Zschonergrund	13.64123921310269	51.05888734591252	zschnrgrnd
01156	Dresden	Zum Jammertal	13.619084449999999	51.043888	zm jmmrtl
01156	Dresden	Zum Schmiedeberg	13.6314046	51.0433874	zm schmdbrg
01156	Dresden	Zum Schwarm	13.622262586109585	51.0688803	zm schwrm
01156	Dresden	Zur Bachwiese	13.63885202229359	51.05520110536142	zr bchws
01156	Dresden	Zur Pflaumenhohle	13.638075791533153	51.04122290018225	zr pflmnhhl
01156	Dresden	Zur Schmiede	13.6372878	51.06952689999999	zr schmd
01156	Dresden	Zur Schäferei	13.6049519	51.0771333	zr schfr
01157	Dresden	Adalbert-Stifter_d	13.660267830859716	51.05242274799792	dlbrt-stftr
01157	Dresden	Alsen_a	13.6601801	51.0816299	lsn
01157	Dresden	Altbriesnitz	13.67493094444068	51.06695990963339	ltbrsntz
01157	Dresden	Altburgstädtel	13.6635672	51.0537614	ltbrgstdtl
01157	Dresden	Altcotta	13.687179042472867	51.0570205	ltctt
01157	Dresden	Alte Meißner Land_a	13.67783855	51.06764903975188	lt mßnr lnd
01157	Dresden	Altleutewitz	13.6696703	51.059370866642276	ltltwtz
01157	Dresden	Altomsewitz	13.6620978	51.0583909	ltmswtz
01157	Dresden	Altstetzsch	13.6604045	51.084399	ltsttzsch
01157	Dresden	Am Briesnitzer Hang	13.665916549999999	51.0645988	m brsntzr hng
01157	Dresden	Am Hang	13.651566618323528	51.080076285105534	m hng
01157	Dresden	Am Hügel	13.6702323	51.0659826	m hgl
01157	Dresden	Am Kirchberg	13.672981550000001	51.070948919840454	m krchbrg
01157	Dresden	Am Lehmberg	13.6740288	51.0648556	m lhmbrg
01157	Dresden	Am Leutewitzer Park	13.671030341759668	51.05728349999999	m ltwtzr prk
01157	Dresden	Am Querfeld	13.649628015873247	51.05473883785789	m qrfld
01157	Dresden	Am Steinigt	13.6492285	51.058711350957694	m stngt
01157	Dresden	Am Urnenfeld	13.6575156	51.0837052	m rnnfld
01157	Dresden	An der Heilandskirche	13.681654709473763	51.0566551	n dr hlndskrch
01157	Dresden	Arthur-Weineck_a	13.677296807999015	51.051976528801475	rthr-wnck
01157	Dresden	Auf dem Eigen	13.6691199	51.0675734	f dm gn
01157	Dresden	Auf der Scheibe	13.672778525654945	51.0629427	f dr schb
01157	Dresden	Bahn_a	13.68353955	51.06157896682428	bhn
01157	Dresden	Birkenhainer_a	13.690705873518333	51.053072322104974	brknhnr
01157	Dresden	Borngraben	13.671034	51.065941	brngrbn
01157	Dresden	Brabschützer_a	13.6611647	51.0810453	brbschtzr
01157	Dresden	Brentano_a	13.662356599999999	51.059975249999994	brntn
01157	Dresden	Briesnitzer Höhe	13.660189756789986	51.06265693340235	brsntzr hh
01157	Dresden	Brücken_a	13.665562507431156	51.0763556	brckn
01157	Dresden	Carl-Immermann_a	13.68857795053879	51.05603738173865	crl-mmrmnn
01157	Dresden	Chamisso_a	13.6876777	51.0491152097907	chmss
01157	Dresden	Cossebauder_a	13.68664670020371	51.06158417317395	cssbdr
01157	Dresden	Droste-Hülshoff_a	13.666881091991916	51.06143715	drst-hlshff
01157	Dresden	Eigenhufe	13.6658866	51.0671902	gnhf
01157	Dresden	Emerich-Ambros-Ufer	13.689661617754577	51.05787575	mrch-mbrs-fr
01157	Dresden	Felix-Dahn_d	13.675411300000002	51.063941860238955	flx-dhn
01157	Dresden	Flensburger_a	13.6694042	51.0858096	flnsbrgr
01157	Dresden	Flügel_d	13.6899242	51.0613649	flgl
